"Date","Price","Open","High","Low","Vol.","Change %"
"Dec 31, 2014","22.13","22.40","22.53","21.99","5.39M","-0.81%"
"Dec 30, 2014","22.31","22.55","22.65","22.30","2.84M","-1.15%"
"Dec 29, 2014","22.57","22.33","22.71","22.32","3.45M","0.98%"
"Dec 26, 2014","22.35","21.98","22.42","21.94","2.99M","1.64%"
"Dec 24, 2014","21.99","21.60","22.09","21.60","1.83M","1.85%"
"Dec 23, 2014","21.59","21.41","21.82","21.34","3.95M","0.84%"
"Dec 22, 2014","21.41","21.98","22.03","21.21","6.03M","-2.01%"
"Dec 19, 2014","21.85","21.54","22.02","21.47","9.97M","1.44%"
"Dec 18, 2014","21.54","21.60","21.70","21.28","6.09M","1.17%"
"Dec 17, 2014","21.29","20.91","21.49","20.69","7.45M","5.82%"
"Dec 16, 2014","20.12","20.25","20.71","20.09","7.78M","-1.13%"
"Dec 15, 2014","20.35","20.56","20.71","20.07","8.47M","-0.83%"
"Dec 12, 2014","20.52","21.03","21.03","20.51","8.05M","-3.07%"
"Dec 11, 2014","21.17","21.11","21.32","21.02","6.51M","0.47%"
"Dec 10, 2014","21.07","21.83","21.85","21.03","4.73M","-3.79%"
"Dec 09, 2014","21.90","21.77","22.06","21.69","5.50M","0.37%"
"Dec 08, 2014","21.82","22.12","22.21","21.70","6.03M","-0.37%"
"Dec 05, 2014","21.90","22.03","22.05","21.86","5.16M","-0.50%"
"Dec 04, 2014","22.01","21.82","22.16","21.79","7.27M","0.78%"
"Dec 03, 2014","21.84","22.32","22.40","21.39","10.21M","-2.76%"
"Dec 02, 2014","22.46","22.50","22.61","22.33","4.38M","-0.04%"
"Dec 01, 2014","22.47","22.86","22.90","22.45","3.29M","-2.13%"
"Nov 28, 2014","22.96","22.94","23.19","22.90","1.53M","-0.30%"
"Nov 26, 2014","23.03","22.90","23.04","22.76","1.99M","0.79%"
"Nov 25, 2014","22.85","23.32","23.34","22.82","5.79M","-1.68%"
"Nov 24, 2014","23.24","23.35","23.50","23.15","5.89M","-0.39%"
"Nov 21, 2014","23.33","23.25","23.52","23.25","4.97M","0.47%"
"Nov 20, 2014","23.22","23.22","23.44","23.07","3.00M","-0.26%"
"Nov 19, 2014","23.28","23.71","23.75","23.21","4.36M","-2.02%"
"Nov 18, 2014","23.76","23.61","23.89","23.55","3.19M","1.02%"
"Nov 17, 2014","23.52","23.53","23.63","23.39","4.81M","-0.34%"
"Nov 14, 2014","23.60","23.70","23.71","23.57","2.63M","-0.80%"
"Nov 13, 2014","23.79","23.98","24.00","23.57","4.42M","-0.83%"
"Nov 12, 2014","23.99","24.06","24.07","23.77","3.45M","-0.74%"
"Nov 11, 2014","24.17","24.19","24.32","24.07","3.89M","-0.49%"
"Nov 10, 2014","24.29","24.30","24.37","24.04","3.48M","0.21%"
"Nov 07, 2014","24.24","23.98","24.30","23.92","6.11M","0.79%"
"Nov 06, 2014","24.05","23.95","24.25","23.26","6.98M","0.50%"
"Nov 05, 2014","23.93","23.36","23.98","23.36","4.19M","2.79%"
"Nov 04, 2014","23.28","23.30","23.48","23.09","3.84M","-0.34%"
"Nov 03, 2014","23.36","22.88","23.48","22.83","3.38M","2.37%"
"Oct 31, 2014","22.82","22.74","22.92","22.55","4.91M","0.97%"
"Oct 30, 2014","22.60","22.00","22.61","21.99","3.75M","2.91%"
"Oct 29, 2014","21.96","21.88","22.20","21.73","2.92M","0.46%"
"Oct 28, 2014","21.86","21.66","21.86","21.32","2.64M","1.39%"
"Oct 27, 2014","21.56","21.90","22.09","21.49","3.02M","-1.82%"
"Oct 24, 2014","21.96","21.91","22.00","21.71","3.17M","0.46%"
"Oct 23, 2014","21.86","21.67","22.11","21.64","4.05M","1.49%"
"Oct 22, 2014","21.54","21.33","21.95","21.33","3.92M","0.80%"
"Oct 21, 2014","21.37","21.08","21.41","21.06","2.68M","1.71%"
"Oct 20, 2014","21.01","20.76","21.04","20.75","2.22M","1.50%"
"Oct 17, 2014","20.70","20.66","20.82","20.48","4.23M","1.12%"
"Oct 16, 2014","20.47","19.73","20.81","19.60","6.29M","2.56%"
"Oct 15, 2014","19.96","20.39","20.64","19.73","9.30M","-3.43%"
"Oct 14, 2014","20.67","20.90","20.96","20.53","5.39M","-0.62%"
"Oct 13, 2014","20.80","21.29","21.36","20.77","4.44M","-1.84%"
"Oct 10, 2014","21.19","21.60","21.87","21.17","3.79M","-2.12%"
"Oct 09, 2014","21.65","22.27","22.42","21.55","4.38M","-2.83%"
"Oct 08, 2014","22.28","21.95","22.30","21.89","3.78M","1.69%"
"Oct 07, 2014","21.91","21.88","22.32","21.82","6.89M","-0.54%"
"Oct 06, 2014","22.03","21.93","22.07","21.77","1.90M","0.55%"
"Oct 03, 2014","21.91","21.52","22.11","21.42","7.75M","2.29%"
"Oct 02, 2014","21.42","21.73","21.86","21.39","4.23M","-1.79%"
"Oct 01, 2014","21.81","21.73","22.05","21.65","6.44M","0.51%"
"Sep 30, 2014","21.70","21.83","21.91","21.51","3.74M","-0.60%"
"Sep 29, 2014","21.83","21.79","21.94","21.64","4.50M","-0.18%"
"Sep 26, 2014","21.87","21.78","21.98","21.61","2.72M","0.18%"
"Sep 25, 2014","21.83","22.07","22.18","21.81","2.12M","-1.04%"
"Sep 24, 2014","22.06","22.38","22.41","22.01","3.00M","-1.56%"
"Sep 23, 2014","22.41","22.69","22.71","22.37","2.81M","-0.97%"
"Sep 22, 2014","22.63","22.69","22.79","22.52","2.86M","-0.57%"
"Sep 19, 2014","22.76","22.50","22.80","22.50","2.46M","1.16%"
"Sep 18, 2014","22.50","22.56","22.77","22.40","3.63M","-0.18%"
"Sep 17, 2014","22.54","22.92","23.00","22.53","2.41M","-1.31%"
"Sep 16, 2014","22.84","22.70","22.97","22.70","2.32M","0.40%"
"Sep 15, 2014","22.75","22.93","22.99","22.63","3.54M","-1.00%"
"Sep 12, 2014","22.98","23.34","23.43","22.96","2.41M","-1.96%"
"Sep 11, 2014","23.44","23.35","23.46","23.07","2.69M","0.00%"
"Sep 10, 2014","23.44","23.46","23.53","23.32","2.46M","-0.04%"
"Sep 09, 2014","23.45","23.74","23.80","23.38","2.55M","-1.47%"
"Sep 08, 2014","23.80","23.97","24.01","23.68","1.71M","-0.96%"
"Sep 05, 2014","24.03","23.84","24.04","23.72","2.29M","0.97%"
"Sep 04, 2014","23.80","23.78","23.86","23.66","3.56M","0.17%"
"Sep 03, 2014","23.76","23.79","23.91","23.58","2.21M","-0.21%"
"Sep 02, 2014","23.81","23.70","23.93","23.62","4.90M","0.17%"
"Aug 29, 2014","23.77","23.62","23.79","23.50","2.03M","1.02%"
"Aug 28, 2014","23.53","23.11","23.60","23.10","2.24M","1.38%"
"Aug 27, 2014","23.21","22.70","23.22","22.65","1.37M","2.47%"
"Aug 26, 2014","22.65","22.83","23.04","22.63","2.72M","-0.61%"
"Aug 25, 2014","22.79","22.58","22.88","22.50","1.84M","1.29%"
"Aug 22, 2014","22.50","22.68","22.80","22.34","2.31M","-0.62%"
"Aug 21, 2014","22.64","22.59","22.95","22.53","2.25M","0.31%"
"Aug 20, 2014","22.57","22.39","22.59","22.26","1.49M","0.58%"
"Aug 19, 2014","22.44","22.10","22.45","22.04","1.80M","1.54%"
"Aug 18, 2014","22.10","21.99","22.25","21.99","1.82M","0.50%"
"Aug 15, 2014","21.99","21.98","22.23","21.84","3.02M","0.27%"
"Aug 14, 2014","21.93","21.77","22.01","21.63","2.59M","0.97%"
"Aug 13, 2014","21.72","21.49","21.79","21.43","5.12M","1.64%"
"Aug 12, 2014","21.37","21.60","21.68","21.34","3.00M","-1.20%"
"Aug 11, 2014","21.63","21.65","21.75","21.50","3.28M","0.23%"
"Aug 08, 2014","21.58","21.47","21.68","21.45","3.06M","0.61%"
"Aug 07, 2014","21.45","21.51","21.75","21.27","3.21M","0.00%"
"Aug 06, 2014","21.45","22.06","22.15","21.40","3.22M","-3.12%"
"Aug 05, 2014","22.14","22.51","22.57","22.00","2.84M","-1.38%"
"Aug 04, 2014","22.45","22.56","22.70","22.01","4.68M","-0.84%"
"Aug 01, 2014","22.64","22.03","22.80","22.03","4.27M","2.72%"
"Jul 31, 2014","22.04","22.00","22.25","21.92","4.28M","-0.32%"
"Jul 30, 2014","22.11","22.42","22.61","21.97","3.65M","-1.51%"
"Jul 29, 2014","22.45","22.65","22.74","22.44","2.70M","-1.06%"
"Jul 28, 2014","22.69","22.84","22.84","22.37","3.50M","2.95%"
"Jul 25, 2014","22.04","22.11","22.19","22.02","1.99M","-0.94%"
"Jul 24, 2014","22.25","22.22","22.34","22.06","2.18M","-0.31%"
"Jul 23, 2014","22.32","22.19","22.37","22.07","1.52M","0.54%"
"Jul 22, 2014","22.20","22.25","22.35","22.18","2.38M","0.09%"
"Jul 21, 2014","22.18","22.33","22.35","22.09","1.42M","-1.20%"
"Jul 18, 2014","22.45","22.24","22.49","22.19","1.29M","0.94%"
"Jul 17, 2014","22.24","22.62","22.65","22.23","2.49M","-1.77%"
"Jul 16, 2014","22.64","22.84","22.87","22.60","2.16M","-1.05%"
"Jul 15, 2014","22.88","22.76","23.03","22.72","2.80M","-0.09%"
"Jul 14, 2014","22.90","23.26","23.31","22.88","1.53M","-1.55%"
"Jul 11, 2014","23.26","23.70","23.86","23.24","1.86M","-1.44%"
"Jul 10, 2014","23.60","23.66","23.87","23.55","3.44M","-1.01%"
"Jul 09, 2014","23.84","23.71","23.90","23.47","4.55M","0.13%"
"Jul 08, 2014","23.81","22.61","23.87","22.52","7.33M","4.25%"
"Jul 07, 2014","22.84","22.82","23.07","22.78","3.74M","-0.31%"
"Jul 03, 2014","22.91","22.75","22.92","22.59","3.55M","0.17%"
"Jul 02, 2014","22.87","23.27","23.34","22.66","5.24M","-2.18%"
"Jul 01, 2014","23.38","23.71","23.84","23.09","5.50M","-1.81%"
"Jun 30, 2014","23.81","23.77","23.90","23.64","3.01M","0.76%"
"Jun 27, 2014","23.63","23.52","23.86","23.43","5.25M","0.51%"
"Jun 26, 2014","23.51","23.65","23.77","23.46","2.11M","-0.59%"
"Jun 25, 2014","23.65","23.64","23.75","23.46","2.61M","-0.38%"
"Jun 24, 2014","23.74","23.65","24.05","23.64","3.28M","0.34%"
"Jun 23, 2014","23.66","23.83","23.90","23.60","3.17M","-0.38%"
"Jun 20, 2014","23.75","23.80","23.96","23.73","2.66M","-0.63%"
"Jun 19, 2014","23.90","24.14","24.18","23.87","3.80M","-0.75%"
"Jun 18, 2014","24.08","23.92","24.10","23.92","2.85M","0.67%"
"Jun 17, 2014","23.92","24.06","24.10","23.90","1.77M","-0.54%"
"Jun 16, 2014","24.05","23.90","24.14","23.90","2.18M","0.59%"
"Jun 13, 2014","23.91","23.73","23.99","23.61","1.59M","0.55%"
"Jun 12, 2014","23.78","23.75","23.87","23.55","1.58M","-0.21%"
"Jun 11, 2014","23.83","23.90","23.98","23.78","1.99M","-0.54%"
"Jun 10, 2014","23.96","23.87","24.02","23.79","1.88M","0.00%"
"Jun 09, 2014","23.96","23.97","24.02","23.83","1.54M","0.25%"
"Jun 06, 2014","23.90","24.20","24.20","23.89","2.11M","-1.28%"
"Jun 05, 2014","24.21","23.84","24.24","23.67","2.69M","2.02%"
"Jun 04, 2014","23.73","23.53","23.78","23.51","2.55M","0.64%"
"Jun 03, 2014","23.58","23.43","23.60","23.30","2.36M","0.47%"
"Jun 02, 2014","23.47","23.44","23.62","23.38","3.68M","0.64%"
"May 30, 2014","23.32","22.81","23.32","22.80","3.73M","2.37%"
"May 29, 2014","22.78","22.82","22.92","22.47","4.34M","-0.18%"
"May 28, 2014","22.82","22.55","22.83","22.43","2.69M","1.06%"
"May 27, 2014","22.58","22.60","22.83","22.57","2.90M","0.71%"
"May 23, 2014","22.42","22.25","22.57","22.22","2.87M","0.45%"
"May 22, 2014","22.32","22.19","22.37","22.19","2.32M","0.81%"
"May 21, 2014","22.14","22.18","22.29","22.08","7.50M","-0.32%"
"May 20, 2014","22.21","22.01","22.31","21.99","1.95M","1.05%"
"May 19, 2014","21.98","22.24","22.32","21.96","3.27M","-1.26%"
"May 16, 2014","22.26","22.35","22.47","22.19","3.35M","-0.54%"
"May 15, 2014","22.38","22.51","22.63","22.32","1.87M","-0.36%"
"May 14, 2014","22.46","22.44","22.71","22.42","3.20M","-0.09%"
"May 13, 2014","22.48","22.63","22.80","22.33","4.62M","-0.57%"
"May 12, 2014","22.61","22.91","23.00","22.48","3.61M","-0.70%"
"May 09, 2014","22.77","22.98","23.06","22.63","2.85M","-0.78%"
"May 08, 2014","22.95","23.43","23.46","22.94","2.53M","-2.34%"
"May 07, 2014","23.50","23.18","23.51","23.12","5.19M","1.42%"
"May 06, 2014","23.17","22.91","23.22","22.87","2.48M","1.22%"
"May 05, 2014","22.89","22.67","22.95","22.63","2.80M","0.79%"
"May 02, 2014","22.71","23.10","23.21","22.62","3.64M","-1.94%"
"May 01, 2014","23.16","23.05","23.21","22.53","4.77M","1.00%"
"Apr 30, 2014","22.93","22.69","23.28","22.59","5.37M","1.01%"
"Apr 29, 2014","22.70","22.56","22.75","22.37","4.04M","0.62%"
"Apr 28, 2014","22.56","22.46","22.64","22.31","2.38M","0.89%"
"Apr 25, 2014","22.36","22.32","22.43","22.20","2.16M","0.13%"
"Apr 24, 2014","22.33","22.30","22.61","22.13","2.83M","0.22%"
"Apr 23, 2014","22.28","22.29","22.48","22.25","2.74M","0.09%"
"Apr 22, 2014","22.26","22.40","22.50","22.16","2.94M","-0.45%"
"Apr 21, 2014","22.36","21.60","22.47","21.59","6.67M","4.63%"
"Apr 17, 2014","21.37","21.55","21.55","21.30","2.25M","-0.93%"
"Apr 16, 2014","21.57","21.42","21.72","21.39","2.64M","1.13%"
"Apr 15, 2014","21.33","20.80","21.33","20.80","3.01M","2.75%"
"Apr 14, 2014","20.76","20.83","20.85","20.66","1.92M","0.19%"
"Apr 11, 2014","20.72","20.87","21.03","20.63","2.50M","-1.19%"
"Apr 10, 2014","20.97","20.89","21.11","20.84","1.54M","0.19%"
"Apr 09, 2014","20.93","20.85","20.95","20.74","2.10M","0.38%"
"Apr 08, 2014","20.85","20.59","21.03","20.48","3.69M","1.31%"
"Apr 07, 2014","20.58","20.84","21.01","20.55","2.78M","-1.77%"
"Apr 04, 2014","20.95","20.99","21.20","20.91","4.06M","0.00%"
"Apr 03, 2014","20.95","20.97","21.07","20.81","2.77M","0.24%"
"Apr 02, 2014","20.90","21.02","21.05","20.85","2.66M","-0.76%"
"Apr 01, 2014","21.06","20.86","21.09","20.76","2.99M","0.72%"
"Mar 31, 2014","20.91","20.94","21.06","20.86","3.96M","0.53%"
"Mar 28, 2014","20.80","20.70","20.80","20.58","2.70M","0.48%"
"Mar 27, 2014","20.70","20.16","20.71","20.16","3.26M","2.73%"
"Mar 26, 2014","20.15","20.51","20.54","20.08","3.64M","-1.52%"
"Mar 25, 2014","20.46","20.40","20.55","20.37","2.48M","0.34%"
"Mar 24, 2014","20.39","20.57","20.70","20.23","2.40M","-0.39%"
"Mar 21, 2014","20.47","20.54","20.63","20.44","3.47M","0.34%"
"Mar 20, 2014","20.40","20.12","20.41","20.02","2.18M","1.04%"
"Mar 19, 2014","20.19","20.45","20.61","20.18","2.91M","-1.37%"
"Mar 18, 2014","20.47","20.47","20.57","20.29","3.84M","-0.15%"
"Mar 17, 2014","20.50","20.51","20.53","20.29","3.53M","0.10%"
"Mar 14, 2014","20.48","20.36","20.52","20.24","3.71M","0.20%"
"Mar 13, 2014","20.44","20.21","20.56","20.08","6.67M","1.69%"
"Mar 12, 2014","20.10","19.84","20.12","19.82","3.32M","1.01%"
"Mar 11, 2014","19.90","19.84","19.90","19.70","3.07M","0.40%"
"Mar 10, 2014","19.82","19.85","19.98","19.76","3.58M","-0.15%"
"Mar 07, 2014","19.85","19.54","19.91","19.54","5.39M","2.06%"
"Mar 06, 2014","19.45","19.50","19.59","19.37","4.25M","-0.26%"
"Mar 05, 2014","19.50","19.19","19.52","19.05","5.28M","1.77%"
"Mar 04, 2014","19.16","19.08","19.36","19.05","4.91M","1.32%"
"Mar 03, 2014","18.91","18.91","19.05","18.77","2.46M","-0.73%"
"Feb 28, 2014","19.05","18.89","19.18","18.86","3.60M","0.47%"
"Feb 27, 2014","18.96","19.06","19.17","18.89","2.96M","-0.78%"
"Feb 26, 2014","19.11","19.39","19.43","19.09","3.69M","-1.49%"
"Feb 25, 2014","19.40","19.72","19.82","19.32","5.51M","-2.12%"
"Feb 24, 2014","19.82","20.00","20.03","19.81","4.71M","-0.75%"
"Feb 21, 2014","19.97","20.04","20.09","19.95","3.06M","-0.35%"
"Feb 20, 2014","20.04","20.00","20.08","19.91","3.70M","0.15%"
"Feb 19, 2014","20.01","20.13","20.19","19.89","8.79M","-2.10%"
"Feb 18, 2014","20.44","20.03","20.51","20.00","4.41M","-0.10%"
"Feb 14, 2014","20.46","20.45","20.92","20.43","7.53M","0.05%"
"Feb 13, 2014","20.45","20.32","20.48","19.81","13.09M","4.28%"
"Feb 12, 2014","19.61","19.69","19.72","19.52","4.75M","-0.15%"
"Feb 11, 2014","19.64","19.55","19.79","19.47","5.48M","0.61%"
"Feb 10, 2014","19.52","19.45","19.55","19.32","4.30M","0.46%"
"Feb 07, 2014","19.43","19.14","19.45","19.11","3.65M","2.21%"
"Feb 06, 2014","19.01","18.73","19.05","18.66","2.80M","1.55%"
"Feb 05, 2014","18.72","18.77","18.77","18.52","2.85M","-0.58%"
"Feb 04, 2014","18.83","18.93","18.97","18.68","4.31M","0.00%"
"Feb 03, 2014","18.83","19.03","19.04","18.70","4.73M","-0.79%"
"Jan 31, 2014","18.98","18.76","19.18","18.72","3.69M","0.53%"
"Jan 30, 2014","18.88","18.61","19.00","18.53","7.09M","1.89%"
"Jan 29, 2014","18.53","18.61","18.76","18.46","7.19M","-0.96%"
"Jan 28, 2014","18.71","18.63","18.79","18.61","2.43M","0.43%"
"Jan 27, 2014","18.63","18.67","18.79","18.50","4.11M","-0.27%"
"Jan 24, 2014","18.68","18.97","19.16","18.67","3.84M","-2.40%"
"Jan 23, 2014","19.14","19.15","19.18","18.95","2.93M","-0.36%"
"Jan 22, 2014","19.21","19.47","19.67","19.16","5.49M","-1.18%"
"Jan 21, 2014","19.44","19.24","19.44","19.14","3.52M","1.09%"
"Jan 17, 2014","19.23","19.42","19.50","19.21","2.15M","-0.67%"
"Jan 16, 2014","19.36","19.21","19.42","19.17","2.22M","0.99%"
"Jan 15, 2014","19.17","19.03","19.40","19.02","3.61M","-0.42%"
"Jan 14, 2014","19.25","19.14","19.49","19.13","5.89M","0.57%"
"Jan 13, 2014","19.14","19.24","19.42","19.10","3.17M","-0.52%"
"Jan 10, 2014","19.24","19.20","19.43","19.18","2.79M","0.37%"
"Jan 09, 2014","19.17","19.44","19.58","19.15","4.38M","-1.29%"
"Jan 08, 2014","19.42","19.61","19.70","19.42","2.63M","-0.97%"
"Jan 07, 2014","19.61","19.78","19.81","19.56","4.68M","-0.15%"
"Jan 06, 2014","19.64","19.40","19.83","19.37","2.95M","1.45%"
"Jan 03, 2014","19.36","19.25","19.51","19.21","2.90M","0.52%"
"Jan 02, 2014","19.26","19.46","19.47","19.15","2.79M","-1.28%"
"Dec 31, 2013","19.51","19.50","19.58","19.44","1.49M","0.21%"
"Dec 30, 2013","19.47","19.27","19.50","19.27","1.49M","0.88%"
"Dec 27, 2013","19.30","19.14","19.34","19.09","1.36M","0.84%"
"Dec 26, 2013","19.14","19.11","19.20","19.05","1.13M","0.37%"
"Dec 24, 2013","19.07","19.05","19.20","19.02","1.27M","-0.16%"
"Dec 23, 2013","19.10","19.10","19.21","19.00","3.31M","-0.16%"
"Dec 20, 2013","19.13","19.34","19.57","19.09","4.58M","-0.93%"
"Dec 19, 2013","19.31","19.09","19.38","18.99","2.53M","0.89%"
"Dec 18, 2013","19.14","19.08","19.20","18.75","2.10M","0.26%"
"Dec 17, 2013","19.09","18.95","19.27","18.91","3.30M","0.42%"
"Dec 16, 2013","19.01","19.01","19.13","18.95","3.27M","0.53%"
"Dec 13, 2013","18.91","18.87","18.97","18.74","1.88M","0.16%"
"Dec 12, 2013","18.88","18.80","19.09","18.74","3.20M","0.00%"
"Dec 11, 2013","18.88","19.08","19.23","18.88","2.14M","-1.31%"
"Dec 10, 2013","19.13","19.54","19.56","19.10","2.35M","-1.90%"
"Dec 09, 2013","19.50","19.60","19.67","19.40","3.49M","-0.41%"
"Dec 06, 2013","19.58","19.53","19.65","19.43","2.80M","0.72%"
"Dec 05, 2013","19.44","19.72","19.79","19.42","2.81M","-1.27%"
"Dec 04, 2013","19.69","19.31","19.80","19.25","3.97M","1.81%"
"Dec 03, 2013","19.34","19.11","19.37","19.04","6.81M","1.90%"
"Dec 02, 2013","18.98","18.87","19.15","18.80","2.34M","0.37%"
"Nov 29, 2013","18.91","18.93","19.09","18.88","954.56K","-0.21%"
"Nov 27, 2013","18.95","19.02","19.07","18.84","2.68M","-0.32%"
"Nov 26, 2013","19.01","19.03","19.06","18.90","3.18M","0.00%"
"Nov 25, 2013","19.01","19.02","19.27","18.91","2.61M","0.26%"
"Nov 22, 2013","18.96","19.02","19.17","18.91","3.01M","-0.32%"
"Nov 21, 2013","19.02","18.91","19.24","18.87","2.42M","0.63%"
"Nov 20, 2013","18.90","19.15","19.24","18.89","2.52M","-0.94%"
"Nov 19, 2013","19.08","19.28","19.33","19.00","2.50M","-1.04%"
"Nov 18, 2013","19.28","19.30","19.44","19.25","2.20M","-0.16%"
"Nov 15, 2013","19.31","19.35","19.41","19.14","3.11M","-0.36%"
"Nov 14, 2013","19.38","19.29","19.53","19.20","3.82M","0.78%"
"Nov 13, 2013","19.23","19.13","19.32","19.04","3.36M","-0.21%"
"Nov 12, 2013","19.27","19.24","19.46","19.12","2.76M","-0.16%"
"Nov 11, 2013","19.30","19.55","19.59","19.25","3.07M","-1.58%"
"Nov 08, 2013","19.61","19.67","19.67","19.23","3.08M","-0.46%"
"Nov 07, 2013","19.70","20.04","20.50","19.57","4.03M","-0.20%"
"Nov 06, 2013","19.74","19.79","19.96","19.62","3.73M","0.25%"
"Nov 05, 2013","19.69","19.74","20.05","19.66","2.77M","-0.86%"
"Nov 04, 2013","19.86","19.24","19.95","19.24","3.06M","-0.05%"
"Nov 01, 2013","19.87","20.15","20.28","19.86","2.62M","-1.49%"
"Oct 31, 2013","20.17","20.26","20.26","19.88","1.94M","-0.59%"
"Oct 30, 2013","20.29","20.29","20.47","20.02","2.06M","-0.05%"
"Oct 29, 2013","20.30","20.45","20.53","20.22","1.73M","-0.68%"
"Oct 28, 2013","20.44","20.82","21.03","20.37","4.22M","-2.29%"
"Oct 25, 2013","20.92","19.60","21.01","19.53","6.54M","6.90%"
"Oct 24, 2013","19.57","19.57","19.57","19.33","1.84M","0.00%"
"Oct 23, 2013","19.57","20.00","20.12","19.55","2.80M","-2.49%"
"Oct 22, 2013","20.07","19.80","20.14","19.76","2.68M","1.62%"
"Oct 21, 2013","19.75","19.97","20.08","19.66","2.61M","-1.00%"
"Oct 18, 2013","19.95","19.75","20.22","19.75","3.31M","1.48%"
"Oct 17, 2013","19.66","19.33","19.66","19.18","2.49M","1.29%"
"Oct 16, 2013","19.41","19.28","19.48","19.28","2.11M","0.88%"
"Oct 15, 2013","19.24","19.51","19.59","19.23","1.53M","-1.94%"
"Oct 14, 2013","19.62","19.43","19.62","19.20","2.05M","0.56%"
"Oct 11, 2013","19.51","19.57","19.69","19.42","3.37M","-0.66%"
"Oct 10, 2013","19.64","19.25","19.73","19.18","1.74M","2.03%"
"Oct 09, 2013","19.25","19.46","19.54","19.16","3.13M","-1.03%"
"Oct 08, 2013","19.45","19.46","19.65","19.43","1.71M","0.00%"
"Oct 07, 2013","19.45","19.63","19.66","19.45","1.28M","-1.27%"
"Oct 04, 2013","19.70","19.38","19.76","19.35","1.56M","1.81%"
"Oct 03, 2013","19.35","19.58","19.65","19.34","2.13M","-1.53%"
"Oct 02, 2013","19.65","19.49","19.82","19.47","1.74M","0.31%"
"Oct 01, 2013","19.59","19.41","19.66","19.37","1.58M","0.82%"
"Sep 30, 2013","19.43","19.59","19.69","19.37","1.99M","-1.72%"
"Sep 27, 2013","19.77","20.00","20.07","19.64","2.98M","-0.95%"
"Sep 26, 2013","19.96","19.80","20.04","19.76","3.49M","0.76%"
"Sep 25, 2013","19.81","19.70","19.88","19.56","2.36M","0.51%"
"Sep 24, 2013","19.71","19.66","19.84","19.60","2.27M","0.15%"
"Sep 23, 2013","19.68","19.44","19.75","19.40","1.99M","0.82%"
"Sep 20, 2013","19.52","19.61","19.64","19.39","2.74M","-0.76%"
"Sep 19, 2013","19.67","19.67","19.93","19.50","3.58M","0.36%"
"Sep 18, 2013","19.60","19.52","19.60","19.19","3.61M","0.00%"
"Sep 17, 2013","19.60","19.38","19.65","19.31","3.91M","1.45%"
"Sep 16, 2013","19.32","19.55","19.62","19.26","4.02M","0.52%"
"Sep 13, 2013","19.22","18.94","19.26","18.94","5.96M","2.18%"
"Sep 12, 2013","18.81","18.73","18.92","18.65","3.54M","0.64%"
"Sep 11, 2013","18.69","18.95","19.05","18.59","5.97M","-3.51%"
"Sep 10, 2013","19.37","19.27","19.39","19.17","1.44M","0.78%"
"Sep 09, 2013","19.22","18.91","19.28","18.90","1.97M","1.75%"
"Sep 06, 2013","18.89","19.10","19.27","18.89","2.55M","-0.89%"
"Sep 05, 2013","19.06","18.98","19.10","18.73","3.22M","0.21%"
"Sep 04, 2013","19.02","19.12","19.22","18.95","2.00M","-1.14%"
"Sep 03, 2013","19.24","19.52","19.61","19.14","1.64M","-0.47%"
"Aug 30, 2013","19.33","19.61","19.62","19.24","2.11M","-1.07%"
"Aug 29, 2013","19.54","19.56","19.80","19.36","2.90M","0.72%"
"Aug 28, 2013","19.40","19.16","19.42","19.03","1.61M","1.36%"
"Aug 27, 2013","19.14","19.16","19.32","19.11","2.21M","-0.93%"
"Aug 26, 2013","19.32","19.55","19.62","19.23","1.72M","-0.97%"
"Aug 23, 2013","19.51","19.51","19.53","19.30","1.78M","0.05%"
"Aug 22, 2013","19.50","19.47","19.76","19.36","2.07M","0.83%"
"Aug 21, 2013","19.34","19.06","19.48","18.92","3.22M","1.52%"
"Aug 20, 2013","19.05","18.71","19.18","18.71","2.99M","1.76%"
"Aug 19, 2013","18.72","18.79","18.88","18.63","1.61M","-0.32%"
"Aug 16, 2013","18.78","19.05","19.12","18.72","2.78M","-1.31%"
"Aug 15, 2013","19.03","19.08","19.12","18.94","1.81M","-0.68%"
"Aug 14, 2013","19.16","18.83","19.19","18.60","4.02M","1.59%"
"Aug 13, 2013","18.86","19.32","19.34","18.83","3.42M","-2.38%"
"Aug 12, 2013","19.32","19.30","19.46","19.12","2.18M","-0.67%"
"Aug 09, 2013","19.45","19.83","19.93","19.34","1.52M","-2.11%"
"Aug 08, 2013","19.87","19.67","19.88","19.57","1.73M","1.38%"
"Aug 07, 2013","19.60","19.39","19.62","19.21","1.93M","0.56%"
"Aug 06, 2013","19.49","19.67","19.82","19.44","2.31M","-1.32%"
"Aug 05, 2013","19.75","19.86","19.86","19.63","964.92K","-0.75%"
"Aug 02, 2013","19.90","19.83","19.96","19.77","1.21M","-0.50%"
"Aug 01, 2013","20.00","20.07","20.25","19.91","2.18M","-0.05%"
"Jul 31, 2013","20.01","20.06","20.21","19.83","3.00M","-0.30%"
"Jul 30, 2013","20.07","20.21","20.42","20.07","2.66M","-0.94%"
"Jul 29, 2013","20.26","20.07","20.31","19.81","3.51M","0.85%"
"Jul 26, 2013","20.09","19.51","20.11","19.51","3.81M","2.08%"
"Jul 25, 2013","19.68","19.69","20.07","19.23","7.08M","-2.19%"
"Jul 24, 2013","20.12","20.43","20.47","19.96","2.28M","-1.08%"
"Jul 23, 2013","20.34","20.33","20.44","20.20","2.69M","0.30%"
"Jul 22, 2013","20.28","20.60","20.75","20.20","3.69M","-1.79%"
"Jul 19, 2013","20.65","21.01","21.10","20.61","4.58M","-1.71%"
"Jul 18, 2013","21.01","21.26","21.40","20.90","4.65M","-0.61%"
"Jul 17, 2013","21.14","21.83","21.85","21.07","3.14M","-2.89%"
"Jul 16, 2013","21.77","21.90","21.91","21.53","2.33M","-0.64%"
"Jul 15, 2013","21.91","21.42","21.97","21.34","2.39M","2.53%"
"Jul 12, 2013","21.37","21.50","21.50","21.16","2.17M","-0.42%"
"Jul 11, 2013","21.46","21.49","21.74","21.34","2.15M","1.18%"
"Jul 10, 2013","21.21","21.03","21.23","20.93","2.47M","0.95%"
"Jul 09, 2013","21.01","21.05","21.17","20.87","1.19M","0.29%"
"Jul 08, 2013","20.95","20.51","21.00","20.46","1.63M","2.29%"
"Jul 05, 2013","20.48","20.55","20.69","20.24","1.67M","-0.15%"
"Jul 03, 2013","20.51","20.68","20.80","20.46","1.69M","-0.97%"
"Jul 02, 2013","20.71","20.79","21.05","20.64","3.59M","-0.72%"
"Jul 01, 2013","20.86","21.24","21.46","20.83","2.96M","-1.74%"
"Jun 28, 2013","21.23","21.18","21.34","21.06","5.10M","0.00%"
"Jun 27, 2013","21.23","21.32","21.54","21.20","3.87M","-0.19%"
"Jun 26, 2013","21.27","21.15","21.37","21.00","3.67M","0.76%"
"Jun 25, 2013","21.11","20.90","21.22","20.74","3.59M","1.05%"
"Jun 24, 2013","20.89","20.67","21.00","20.38","4.55M","-0.33%"
"Jun 21, 2013","20.96","21.20","21.30","20.96","5.18M","-0.43%"
"Jun 20, 2013","21.05","21.23","21.34","20.99","5.52M","-1.77%"
"Jun 19, 2013","21.43","21.67","21.77","21.41","2.89M","-1.20%"
"Jun 18, 2013","21.69","21.56","21.75","21.49","3.04M","0.56%"
"Jun 17, 2013","21.57","21.70","21.89","21.56","5.05M","-0.74%"
"Jun 14, 2013","21.73","21.25","21.75","21.25","3.61M","1.97%"
"Jun 13, 2013","21.31","20.95","21.37","20.79","4.93M","1.82%"
"Jun 12, 2013","20.93","21.32","21.38","20.82","2.73M","-1.55%"
"Jun 11, 2013","21.26","20.79","21.42","20.67","4.53M","1.33%"
"Jun 10, 2013","20.98","20.92","20.98","20.73","2.07M","0.67%"
"Jun 07, 2013","20.84","20.57","20.93","20.46","2.90M","1.81%"
"Jun 06, 2013","20.47","19.91","20.48","19.91","3.84M","2.92%"
"Jun 05, 2013","19.89","19.70","19.94","19.56","3.78M","1.07%"
"Jun 04, 2013","19.68","20.24","20.31","19.33","8.26M","-2.67%"
"Jun 03, 2013","20.22","20.37","20.41","20.12","4.18M","-0.44%"
"May 31, 2013","20.31","20.59","20.68","20.31","5.75M","0.05%"
"May 30, 2013","20.30","20.36","20.76","20.29","2.63M","0.10%"
"May 29, 2013","20.28","20.69","20.71","20.21","3.67M","-2.08%"
"May 28, 2013","20.71","20.76","21.05","20.58","2.94M","0.34%"
"May 24, 2013","20.64","20.74","20.80","20.55","1.32M","-0.96%"
"May 23, 2013","20.84","20.72","21.00","20.51","3.14M","-0.38%"
"May 22, 2013","20.92","21.35","21.60","20.81","2.76M","-2.20%"
"May 21, 2013","21.39","21.27","21.52","21.25","3.21M","0.56%"
"May 20, 2013","21.27","21.28","21.42","21.27","1.77M","-0.28%"
"May 17, 2013","21.33","21.09","21.38","21.03","2.56M","1.67%"
"May 16, 2013","20.98","21.26","21.34","20.97","3.51M","-1.46%"
"May 15, 2013","21.29","20.89","21.40","20.88","4.19M","1.67%"
"May 14, 2013","20.94","20.74","20.98","20.71","3.47M","1.06%"
"May 13, 2013","20.72","20.57","20.77","20.52","3.07M","0.44%"
"May 10, 2013","20.63","20.35","20.71","20.27","4.03M","1.63%"
"May 09, 2013","20.30","20.69","20.72","20.21","3.31M","-1.88%"
"May 08, 2013","20.69","20.62","20.77","20.57","3.82M","0.15%"
"May 07, 2013","20.66","20.63","20.83","20.52","7.40M","-2.09%"
"May 06, 2013","21.10","21.13","21.24","20.92","2.74M","-0.52%"
"May 03, 2013","21.21","20.99","21.36","20.98","2.95M","1.34%"
"May 02, 2013","20.93","21.60","21.67","20.79","4.33M","-2.10%"
"May 01, 2013","21.38","21.67","21.73","21.31","4.20M","-1.61%"
"Apr 30, 2013","21.73","22.00","22.16","21.73","2.30M","-1.27%"
"Apr 29, 2013","22.01","21.92","22.13","21.85","1.93M","0.87%"
"Apr 26, 2013","21.82","21.30","21.93","21.21","3.73M","2.20%"
"Apr 25, 2013","21.35","21.43","21.54","21.33","2.74M","0.00%"
"Apr 24, 2013","21.35","21.19","21.40","21.07","1.85M","1.23%"
"Apr 23, 2013","21.09","21.14","21.24","21.00","2.10M","0.33%"
"Apr 22, 2013","21.02","21.14","21.19","20.96","2.30M","-0.28%"
"Apr 19, 2013","21.08","20.82","21.09","20.80","2.44M","1.59%"
"Apr 18, 2013","20.75","20.95","20.97","20.50","7.32M","-0.57%"
"Apr 17, 2013","20.87","21.24","21.25","20.83","5.64M","-2.75%"
"Apr 16, 2013","21.46","21.24","21.46","21.17","2.04M","2.04%"
"Apr 15, 2013","21.03","21.68","21.80","21.01","3.69M","-3.04%"
"Apr 12, 2013","21.69","21.38","21.75","21.28","2.36M","1.31%"
"Apr 11, 2013","21.41","21.00","21.44","20.89","4.53M","2.54%"
"Apr 10, 2013","20.88","20.75","21.26","20.71","3.81M","0.58%"
"Apr 09, 2013","20.76","20.73","20.87","20.65","3.17M","0.29%"
"Apr 08, 2013","20.70","20.60","20.72","20.58","2.11M","0.44%"
"Apr 05, 2013","20.61","20.41","20.81","20.36","2.33M","0.05%"
"Apr 04, 2013","20.60","20.52","20.64","20.39","2.28M","0.24%"
"Apr 03, 2013","20.55","20.65","20.66","20.43","2.43M","-0.34%"
"Apr 02, 2013","20.62","20.45","20.63","20.45","1.74M","0.98%"
"Apr 01, 2013","20.42","20.54","20.55","20.36","1.34M","-0.87%"
"Mar 28, 2013","20.60","20.40","20.62","20.30","2.33M","1.18%"
"Mar 27, 2013","20.36","20.00","20.36","19.92","2.48M","1.60%"
"Mar 26, 2013","20.04","20.26","20.40","20.02","3.57M","-0.50%"
"Mar 25, 2013","20.14","20.38","20.43","20.11","1.52M","-0.64%"
"Mar 22, 2013","20.27","20.42","20.50","20.22","1.35M","-0.39%"
"Mar 21, 2013","20.35","20.31","20.48","20.27","1.30M","0.35%"
"Mar 20, 2013","20.28","20.23","20.44","20.19","1.30M","0.60%"
"Mar 19, 2013","20.16","20.22","20.30","20.03","1.28M","0.10%"
"Mar 18, 2013","20.14","20.04","20.25","20.02","1.17M","-0.10%"
"Mar 15, 2013","20.16","20.19","20.36","20.13","3.26M","-0.10%"
"Mar 14, 2013","20.18","19.97","20.21","19.97","1.77M","1.05%"
"Mar 13, 2013","19.97","19.92","20.08","19.84","2.13M","0.25%"
"Mar 12, 2013","19.92","19.98","20.13","19.88","2.27M","-0.05%"
"Mar 11, 2013","19.93","19.88","20.02","19.82","2.51M","0.00%"
"Mar 08, 2013","19.93","19.46","20.00","19.41","4.96M","2.47%"
"Mar 07, 2013","19.45","19.40","19.51","19.30","1.92M","0.26%"
"Mar 06, 2013","19.40","19.28","19.65","19.26","3.99M","0.52%"
"Mar 05, 2013","19.30","18.71","19.44","18.71","4.36M","3.21%"
"Mar 04, 2013","18.70","18.53","18.78","18.41","2.30M","1.08%"
"Mar 01, 2013","18.50","18.29","18.51","18.23","3.05M","0.54%"
"Feb 28, 2013","18.40","18.41","18.50","18.31","5.32M","0.22%"
"Feb 27, 2013","18.36","18.46","18.47","18.34","3.10M","-0.43%"
"Feb 26, 2013","18.44","18.44","18.51","18.18","3.32M","-0.27%"
"Feb 25, 2013","18.49","18.67","18.90","18.48","2.87M","-1.07%"
"Feb 22, 2013","18.69","18.60","18.75","18.57","3.77M","1.03%"
"Feb 21, 2013","18.50","18.59","18.65","18.28","3.30M","-0.80%"
"Feb 20, 2013","18.65","18.98","19.15","18.64","4.40M","-1.89%"
"Feb 19, 2013","19.01","18.77","19.05","18.77","2.50M","1.39%"
"Feb 15, 2013","18.75","18.59","18.77","18.48","3.10M","0.21%"
"Feb 14, 2013","18.71","19.11","19.26","18.65","8.11M","-3.56%"
"Feb 13, 2013","19.40","19.90","19.90","19.22","5.03M","-1.92%"
"Feb 12, 2013","19.78","20.00","20.09","19.74","4.12M","-0.95%"
"Feb 11, 2013","19.97","19.97","20.07","19.91","4.75M","0.00%"
"Feb 08, 2013","19.97","19.79","20.01","19.79","2.40M","0.86%"
"Feb 07, 2013","19.80","19.67","19.84","19.51","1.92M","1.18%"
"Feb 06, 2013","19.57","19.56","19.62","19.49","2.90M","-0.10%"
"Feb 05, 2013","19.59","19.69","19.71","19.57","2.41M","-0.20%"
"Feb 04, 2013","19.63","19.72","19.79","19.59","1.56M","-0.61%"
"Feb 01, 2013","19.75","19.87","19.87","19.75","2.38M","0.10%"
"Jan 31, 2013","19.73","19.65","19.74","19.46","2.50M","0.10%"
"Jan 30, 2013","19.71","19.71","19.82","19.59","4.06M","-0.50%"
"Jan 29, 2013","19.81","19.40","19.81","19.39","4.42M","2.11%"
"Jan 28, 2013","19.40","19.25","19.41","19.10","3.52M","1.36%"
"Jan 25, 2013","19.14","19.03","19.21","18.88","3.14M","0.68%"
"Jan 24, 2013","19.01","18.87","19.24","18.81","2.88M","-0.58%"
"Jan 23, 2013","19.12","19.13","19.21","19.01","2.41M","-0.57%"
"Jan 22, 2013","19.23","18.83","19.25","18.80","2.36M","2.18%"
"Jan 18, 2013","18.82","18.88","18.90","18.78","2.11M","-0.16%"
"Jan 17, 2013","18.85","18.76","18.88","18.68","2.08M","0.80%"
"Jan 16, 2013","18.70","18.77","18.84","18.64","2.00M","-0.27%"
"Jan 15, 2013","18.75","18.49","18.82","18.48","2.56M","1.35%"
"Jan 14, 2013","18.50","18.60","18.66","18.49","1.41M","-0.75%"
"Jan 11, 2013","18.64","18.36","18.64","18.27","2.13M","0.16%"
"Jan 10, 2013","18.61","18.46","18.61","18.34","1.65M","0.87%"
"Jan 09, 2013","18.45","18.30","18.47","18.21","1.63M","1.04%"
"Jan 08, 2013","18.26","18.28","18.32","18.12","2.11M","-0.44%"
"Jan 07, 2013","18.34","18.01","18.45","18.00","3.03M","1.38%"
"Jan 04, 2013","18.09","18.02","18.17","17.95","3.00M","0.22%"
"Jan 03, 2013","18.05","18.13","18.19","17.96","3.16M","-0.55%"
"Jan 02, 2013","18.15","18.50","18.57","18.14","3.76M","0.11%"
"Dec 31, 2012","18.13","17.72","18.18","17.61","1.88M","2.14%"
"Dec 28, 2012","17.75","17.90","18.04","17.75","1.57M","-1.33%"
"Dec 27, 2012","17.99","17.79","18.07","17.65","1.80M","0.95%"
"Dec 26, 2012","17.82","17.98","18.08","17.79","963.14K","-0.72%"
"Dec 24, 2012","17.95","18.01","18.09","17.86","781.08K","-0.77%"
"Dec 21, 2012","18.09","17.98","18.13","17.90","3.16M","-0.11%"
"Dec 20, 2012","18.11","17.87","18.12","17.84","1.65M","1.17%"
"Dec 19, 2012","17.90","17.96","18.08","17.73","2.44M","-0.50%"
"Dec 18, 2012","17.99","17.90","18.25","17.90","3.55M","0.33%"
"Dec 17, 2012","17.93","17.83","17.99","17.79","2.75M","0.62%"
"Dec 14, 2012","17.82","17.80","17.94","17.65","2.75M","0.17%"
"Dec 13, 2012","17.79","17.55","17.79","17.45","4.05M","1.14%"
"Dec 12, 2012","17.59","17.68","17.85","17.51","2.78M","-0.68%"
"Dec 11, 2012","17.71","17.60","17.74","17.52","3.75M","1.26%"
"Dec 10, 2012","17.49","17.38","17.57","17.30","2.44M","0.63%"
"Dec 07, 2012","17.38","17.47","17.47","17.30","2.01M","0.00%"
"Dec 06, 2012","17.38","17.44","17.56","17.36","1.98M","-0.34%"
"Dec 05, 2012","17.44","17.34","17.50","17.25","1.59M","0.58%"
"Dec 04, 2012","17.34","17.17","17.40","17.17","1.76M","0.81%"
"Dec 03, 2012","17.20","17.28","17.39","17.16","2.63M","-0.35%"
"Nov 30, 2012","17.26","17.09","17.28","17.03","2.91M","0.76%"
"Nov 29, 2012","17.13","17.04","17.20","16.94","1.91M","1.00%"
"Nov 28, 2012","16.96","17.07","17.15","16.84","2.83M","-0.47%"
"Nov 27, 2012","17.04","17.19","17.34","16.97","3.73M","-1.27%"
"Nov 26, 2012","17.26","16.94","17.29","16.93","2.76M","1.95%"
"Nov 23, 2012","16.93","17.00","17.07","16.85","778.81K","-0.12%"
"Nov 21, 2012","16.95","16.70","16.97","16.58","2.90M","1.56%"
"Nov 20, 2012","16.69","16.75","16.81","16.55","2.52M","-0.71%"
"Nov 19, 2012","16.81","16.89","17.03","16.70","2.57M","-0.24%"
"Nov 16, 2012","16.85","16.75","16.94","16.53","2.38M","0.66%"
"Nov 15, 2012","16.74","16.54","16.81","16.47","4.31M","0.97%"
"Nov 14, 2012","16.58","16.80","16.92","16.50","4.18M","-0.90%"
"Nov 13, 2012","16.73","16.93","17.07","16.69","5.06M","-1.24%"
"Nov 12, 2012","16.94","17.48","17.48","16.88","5.11M","-2.81%"
"Nov 09, 2012","17.43","17.28","17.61","17.16","3.00M","0.17%"
"Nov 08, 2012","17.40","17.64","17.87","17.37","2.69M","-1.14%"
"Nov 07, 2012","17.60","17.64","17.96","17.56","4.42M","-2.38%"
"Nov 06, 2012","18.03","17.86","18.17","17.34","7.96M","2.39%"
"Nov 05, 2012","17.61","17.61","17.79","17.37","3.67M","-0.23%"
"Nov 02, 2012","17.65","17.88","17.93","17.59","2.38M","-0.84%"
"Nov 01, 2012","17.80","17.73","17.94","17.56","3.80M","1.14%"
"Oct 31, 2012","17.60","18.12","18.12","17.54","2.37M","-0.79%"
"Oct 26, 2012","17.74","17.75","17.91","17.55","1.91M","-0.28%"
"Oct 25, 2012","17.79","18.00","18.05","17.66","1.06M","-0.89%"
"Oct 24, 2012","17.95","17.79","18.06","17.70","2.59M","0.28%"
"Oct 23, 2012","17.90","18.05","18.12","17.58","4.41M","-1.65%"
"Oct 22, 2012","18.20","18.43","18.55","18.10","4.05M","-1.09%"
"Oct 19, 2012","18.40","18.49","18.49","18.18","3.07M","-0.05%"
"Oct 18, 2012","18.41","18.57","18.87","18.36","6.65M","-1.02%"
"Oct 17, 2012","18.60","18.29","18.74","18.29","5.76M","1.75%"
"Oct 16, 2012","18.28","18.17","18.32","18.00","3.82M","0.44%"
"Oct 15, 2012","18.20","17.71","18.29","17.53","4.21M","4.12%"
"Oct 12, 2012","17.48","17.85","17.88","17.43","2.13M","-2.24%"
"Oct 11, 2012","17.88","17.85","18.00","17.74","1.48M","0.79%"
"Oct 10, 2012","17.74","17.82","17.94","17.68","1.95M","-0.11%"
"Oct 09, 2012","17.76","17.72","17.99","17.60","2.10M","0.28%"
"Oct 08, 2012","17.71","17.77","17.82","17.58","1.76M","-0.73%"
"Oct 05, 2012","17.84","17.85","17.91","17.66","2.36M","0.85%"
"Oct 04, 2012","17.69","17.76","18.00","17.66","3.15M","-0.34%"
"Oct 03, 2012","17.75","17.34","17.87","17.34","4.46M","2.25%"
"Oct 02, 2012","17.36","17.36","17.47","17.26","1.84M","0.00%"
"Oct 01, 2012","17.36","17.36","17.53","17.19","2.65M","0.35%"
"Sep 28, 2012","17.30","17.42","17.43","16.91","3.75M","-0.86%"
"Sep 27, 2012","17.45","17.30","17.60","17.25","3.34M","1.22%"
"Sep 26, 2012","17.24","17.13","17.38","16.97","2.63M","1.06%"
"Sep 25, 2012","17.06","17.30","17.39","17.05","2.51M","-0.93%"
"Sep 24, 2012","17.22","17.35","17.48","17.12","3.59M","-0.81%"
"Sep 21, 2012","17.36","17.26","17.50","17.13","3.25M","0.64%"
"Sep 20, 2012","17.25","17.32","17.36","17.01","3.94M","-0.06%"
"Sep 19, 2012","17.26","17.58","17.59","17.19","3.63M","-1.32%"
"Sep 18, 2012","17.49","17.51","17.68","17.44","3.13M","-0.91%"
"Sep 17, 2012","17.65","17.87","17.89","17.55","3.13M","-1.34%"
"Sep 14, 2012","17.89","17.70","17.90","17.63","3.17M","1.36%"
"Sep 13, 2012","17.65","17.75","17.76","17.37","3.98M","-0.73%"
"Sep 12, 2012","17.78","17.39","17.82","17.33","4.10M","2.36%"
"Sep 11, 2012","17.37","17.52","17.56","17.34","3.39M","-0.97%"
"Sep 10, 2012","17.54","17.55","17.65","17.43","3.53M","-0.06%"
"Sep 07, 2012","17.55","17.83","17.96","17.45","12.21M","-5.29%"
"Sep 06, 2012","18.53","18.21","18.66","18.20","5.09M","1.87%"
"Sep 05, 2012","18.19","17.92","18.49","17.90","7.66M","1.56%"
"Sep 04, 2012","17.91","17.62","17.93","17.50","3.90M","2.05%"
"Aug 31, 2012","17.55","17.76","17.84","17.49","1.55M","-1.18%"
"Aug 30, 2012","17.76","18.36","18.49","17.76","4.12M","1.95%"
"Aug 29, 2012","17.42","17.53","17.55","17.36","1.77M","-0.40%"
"Aug 28, 2012","17.49","17.82","17.82","17.46","2.99M","-1.85%"
"Aug 27, 2012","17.82","17.86","18.07","17.78","2.38M","0.11%"
"Aug 24, 2012","17.80","17.67","17.89","17.51","2.38M","0.28%"
"Aug 23, 2012","17.75","17.48","18.05","17.39","3.98M","1.54%"
"Aug 22, 2012","17.48","17.29","17.53","17.24","2.47M","1.10%"
"Aug 21, 2012","17.29","17.48","18.23","17.27","9.15M","-1.09%"
"Aug 20, 2012","17.48","17.09","17.48","16.96","5.50M","2.52%"
"Aug 17, 2012","17.05","16.76","17.06","16.72","1.68M","1.55%"
"Aug 16, 2012","16.79","16.87","16.99","16.74","1.29M","-0.53%"
"Aug 15, 2012","16.88","17.01","17.01","16.65","1.68M","-0.71%"
"Aug 14, 2012","17.00","17.13","17.17","16.93","1.72M","0.06%"
"Aug 13, 2012","16.99","17.08","17.13","16.94","1.11M","-0.47%"
"Aug 10, 2012","17.07","16.89","17.08","16.84","1.72M","1.25%"
"Aug 09, 2012","16.86","16.70","16.89","16.55","3.87M","0.60%"
"Aug 08, 2012","16.76","16.90","17.01","16.75","2.61M","-1.06%"
"Aug 07, 2012","16.94","16.99","17.14","16.85","2.78M","0.47%"
"Aug 06, 2012","16.86","16.88","16.94","16.71","1.80M","0.42%"
"Aug 03, 2012","16.79","17.83","17.90","16.74","2.92M","0.24%"
"Aug 02, 2012","16.75","16.97","17.02","16.57","2.98M","-1.64%"
"Aug 01, 2012","17.03","17.17","17.26","16.98","1.93M","-0.35%"
"Jul 31, 2012","17.09","17.61","17.65","17.07","3.20M","-3.17%"
"Jul 30, 2012","17.65","17.82","17.89","17.42","3.91M","-1.23%"
"Jul 27, 2012","17.87","17.31","18.09","17.06","6.75M","1.42%"
"Jul 26, 2012","17.62","17.27","17.65","17.23","2.80M","2.32%"
"Jul 25, 2012","17.22","17.45","17.45","16.98","2.44M","-0.92%"
"Jul 24, 2012","17.38","17.41","17.51","17.27","5.06M","0.12%"
"Jul 23, 2012","17.36","17.65","17.79","17.26","4.45M","-0.40%"
"Jul 20, 2012","17.43","17.48","17.58","17.40","1.39M","-0.34%"
"Jul 19, 2012","17.49","17.39","17.55","17.33","2.61M","1.04%"
"Jul 18, 2012","17.31","17.63","17.64","17.29","2.66M","-1.65%"
"Jul 17, 2012","17.60","17.66","17.83","17.39","4.99M","1.91%"
"Jul 16, 2012","17.27","17.40","17.49","17.10","2.89M","-0.35%"
"Jul 13, 2012","17.33","17.31","17.43","17.23","2.01M","0.29%"
"Jul 12, 2012","17.28","16.93","17.38","16.86","4.53M","2.19%"
"Jul 11, 2012","16.91","16.68","16.94","16.62","2.31M","1.50%"
"Jul 10, 2012","16.66","16.73","16.85","16.55","2.27M","0.54%"
"Jul 09, 2012","16.57","16.76","16.79","16.42","1.64M","-1.02%"
"Jul 06, 2012","16.74","16.60","16.84","16.56","3.02M","0.30%"
"Jul 05, 2012","16.69","16.69","16.83","16.64","1.69M","0.00%"
"Jul 03, 2012","16.69","16.54","16.78","16.52","2.86M","1.15%"
"Jul 02, 2012","16.50","16.51","16.62","16.46","1.82M","-0.06%"
"Jun 29, 2012","16.51","16.60","16.66","16.46","2.52M","0.24%"
"Jun 28, 2012","16.47","16.23","16.49","16.18","6.00M","0.92%"
"Jun 27, 2012","16.32","15.99","16.36","15.99","4.77M","2.19%"
"Jun 26, 2012","15.97","15.96","16.03","15.96","2.73M","0.00%"
"Jun 25, 2012","15.97","16.01","16.06","15.90","2.40M","-0.50%"
"Jun 22, 2012","16.05","16.15","16.17","16.02","3.56M","0.06%"
"Jun 21, 2012","16.04","16.31","16.34","16.01","3.31M","-1.78%"
"Jun 20, 2012","16.33","16.44","16.44","16.21","2.42M","-0.49%"
"Jun 19, 2012","16.41","16.33","16.47","16.29","2.61M","0.49%"
"Jun 18, 2012","16.33","16.14","16.34","16.11","3.68M","0.93%"
"Jun 15, 2012","16.18","16.30","16.47","16.15","4.87M","-1.16%"
"Jun 14, 2012","16.37","16.30","16.41","16.23","5.67M","0.61%"
"Jun 13, 2012","16.27","16.43","16.43","16.22","3.61M","-0.91%"
"Jun 12, 2012","16.42","16.60","16.63","16.38","4.23M","-1.08%"
"Jun 11, 2012","16.60","16.84","16.89","16.59","1.86M","-1.07%"
"Jun 08, 2012","16.78","16.97","16.98","16.64","3.07M","-1.12%"
"Jun 07, 2012","16.97","17.06","17.11","16.92","3.66M","0.00%"
"Jun 06, 2012","16.97","16.93","17.07","16.88","3.96M","0.65%"
"Jun 05, 2012","16.86","16.69","16.91","16.67","3.59M","0.48%"
"Jun 04, 2012","16.78","16.69","16.85","16.65","4.29M","0.42%"
"Jun 01, 2012","16.71","16.59","16.77","16.41","5.90M","-0.54%"
"May 31, 2012","16.80","16.81","16.94","16.76","3.84M","0.00%"
"May 30, 2012","16.80","16.91","16.99","16.72","2.73M","-1.12%"
"May 29, 2012","16.99","17.01","17.08","16.90","3.58M","0.47%"
"May 25, 2012","16.91","16.84","17.04","16.79","2.48M","-0.06%"
"May 24, 2012","16.92","16.91","17.01","16.75","3.93M","0.42%"
"May 23, 2012","16.85","16.84","16.95","16.70","7.78M","-3.11%"
"May 22, 2012","17.39","17.49","17.69","17.30","3.09M","-0.51%"
"May 21, 2012","17.48","17.20","17.60","17.15","2.90M","2.22%"
"May 18, 2012","17.10","17.45","17.67","17.04","4.01M","-1.95%"
"May 17, 2012","17.44","17.51","17.65","17.42","3.30M","-0.06%"
"May 16, 2012","17.45","17.47","17.62","17.43","2.93M","0.17%"
"May 15, 2012","17.42","17.61","17.76","17.34","2.71M","-1.36%"
"May 14, 2012","17.66","18.11","18.15","17.54","4.31M","-2.86%"
"May 11, 2012","18.18","18.37","18.47","18.14","2.74M","-1.68%"
"May 10, 2012","18.49","18.31","18.74","18.25","3.38M","1.65%"
"May 09, 2012","18.19","18.04","18.27","17.94","4.26M","0.28%"
"May 08, 2012","18.14","18.25","18.32","17.95","4.62M","-1.89%"
"May 07, 2012","18.49","18.12","18.63","18.10","4.02M","1.65%"
"May 04, 2012","18.19","18.84","18.88","18.08","6.60M","-3.45%"
"May 03, 2012","18.84","18.74","19.02","18.69","2.68M","0.48%"
"May 02, 2012","18.75","18.84","18.96","18.68","3.35M","-0.79%"
"May 01, 2012","18.90","18.75","19.02","18.72","3.51M","0.80%"
"Apr 30, 2012","18.75","18.92","18.96","18.66","3.86M","2.46%"
"Apr 27, 2012","18.30","18.50","18.72","18.19","5.06M","-1.13%"
"Apr 26, 2012","18.51","18.32","18.60","18.24","3.76M","0.93%"
"Apr 25, 2012","18.34","18.23","18.45","18.10","2.36M","1.49%"
"Apr 24, 2012","18.07","18.36","18.44","17.99","4.72M","-1.47%"
"Apr 23, 2012","18.34","18.06","18.41","17.95","3.81M","0.22%"
"Apr 20, 2012","18.30","17.89","18.41","17.84","3.53M","2.12%"
"Apr 19, 2012","17.92","17.72","18.02","17.68","2.53M","1.41%"
"Apr 18, 2012","17.67","17.15","18.10","17.15","7.63M","3.33%"
"Apr 17, 2012","17.10","16.95","17.13","16.89","6.54M","1.73%"
"Apr 16, 2012","16.81","17.12","17.17","16.78","1.90M","-1.70%"
"Apr 13, 2012","17.10","17.00","17.14","16.79","2.52M","0.65%"
"Apr 12, 2012","16.99","16.80","17.27","16.79","2.29M","1.80%"
"Apr 11, 2012","16.69","16.74","16.97","16.67","1.70M","0.54%"
"Apr 10, 2012","16.60","17.07","17.13","16.56","1.89M","-2.58%"
"Apr 09, 2012","17.04","17.30","17.32","16.97","1.89M","-2.68%"
"Apr 05, 2012","17.51","17.45","17.63","17.29","2.74M","0.17%"
"Apr 04, 2012","17.48","17.54","17.54","17.17","2.85M","-0.40%"
"Apr 03, 2012","17.55","17.12","17.59","17.03","3.94M","2.39%"
"Apr 02, 2012","17.14","17.16","17.34","17.03","2.68M","-0.41%"
"Mar 30, 2012","17.21","17.08","17.27","17.00","2.05M","1.12%"
"Mar 29, 2012","17.02","16.81","17.04","16.54","2.50M","0.71%"
"Mar 28, 2012","16.90","16.84","17.03","16.57","2.47M","0.12%"
"Mar 27, 2012","16.88","16.97","17.09","16.85","1.68M","-0.24%"
"Mar 26, 2012","16.92","17.27","17.33","16.62","4.94M","-1.80%"
"Mar 23, 2012","17.23","17.15","17.31","17.01","1.75M","1.35%"
"Mar 22, 2012","17.00","17.11","17.14","16.74","3.89M","-0.93%"
"Mar 21, 2012","17.16","17.28","17.30","17.07","3.03M","-0.46%"
"Mar 20, 2012","17.24","17.21","17.34","16.94","3.99M","-0.29%"
"Mar 19, 2012","17.29","17.59","17.60","17.23","5.06M","-1.65%"
"Mar 16, 2012","17.58","17.14","17.58","17.13","5.62M","2.75%"
"Mar 15, 2012","17.11","16.90","17.17","16.81","3.69M","1.12%"
"Mar 14, 2012","16.92","16.80","16.98","16.71","3.44M","0.36%"
"Mar 13, 2012","16.86","16.74","16.86","16.66","2.36M","1.32%"
"Mar 12, 2012","16.64","16.87","16.87","16.54","2.45M","-1.48%"
"Mar 09, 2012","16.89","16.38","16.99","16.34","5.35M","2.86%"
"Mar 08, 2012","16.42","16.16","16.51","16.08","4.45M","2.18%"
"Mar 07, 2012","16.07","15.99","16.17","15.89","3.20M","0.44%"
"Mar 06, 2012","16.00","15.78","16.08","15.67","6.08M","1.20%"
"Mar 05, 2012","15.81","15.60","16.07","15.56","4.25M","1.09%"
"Mar 02, 2012","15.64","15.48","15.75","15.39","3.35M","0.64%"
"Mar 01, 2012","15.54","15.32","15.55","15.24","2.68M","1.50%"
"Feb 29, 2012","15.31","15.23","15.43","15.17","3.34M","0.66%"
"Feb 28, 2012","15.21","15.62","15.62","15.14","2.89M","-2.81%"
"Feb 27, 2012","15.65","15.54","15.66","15.37","1.91M","0.32%"
"Feb 24, 2012","15.60","15.54","15.65","15.37","2.10M","0.71%"
"Feb 23, 2012","15.49","15.41","15.50","15.24","2.81M","0.91%"
"Feb 22, 2012","15.35","15.40","15.50","15.25","1.55M","-0.32%"
"Feb 21, 2012","15.40","15.45","15.51","15.35","2.16M","0.33%"
"Feb 17, 2012","15.35","15.59","15.63","15.30","3.22M","-1.03%"
"Feb 16, 2012","15.51","15.40","15.55","15.30","2.05M","0.98%"
"Feb 15, 2012","15.36","15.50","15.60","15.30","3.31M","-0.52%"
"Feb 14, 2012","15.44","15.46","15.63","15.18","18.93M","-4.81%"
"Feb 13, 2012","16.22","16.45","16.45","16.13","2.98M","0.93%"
"Feb 10, 2012","16.07","14.69","16.20","14.60","6.94M","4.42%"
"Feb 09, 2012","15.39","15.60","15.64","15.16","3.39M","-1.09%"
"Feb 08, 2012","15.56","14.92","15.71","14.92","7.17M","5.14%"
"Feb 07, 2012","14.80","14.83","14.87","14.69","1.35M","-0.13%"
"Feb 06, 2012","14.82","15.02","15.06","14.77","1.49M","-1.79%"
"Feb 03, 2012","15.09","14.60","15.15","14.57","3.29M","3.78%"
"Feb 02, 2012","14.54","14.65","14.71","14.45","2.35M","0.21%"
"Feb 01, 2012","14.51","14.63","14.74","14.48","2.97M","-0.62%"
"Jan 31, 2012","14.60","14.71","14.92","14.55","1.44M","-0.54%"
"Jan 30, 2012","14.68","14.59","14.79","14.49","1.54M","0.00%"
"Jan 27, 2012","14.68","14.93","14.95","14.60","2.81M","-1.81%"
"Jan 26, 2012","14.95","14.87","15.03","14.69","2.95M","1.01%"
"Jan 25, 2012","14.80","14.70","15.01","14.56","4.26M","0.34%"
"Jan 24, 2012","14.75","14.82","14.88","14.67","2.12M","-0.94%"
"Jan 23, 2012","14.89","15.06","15.40","14.80","2.61M","-0.40%"
"Jan 20, 2012","14.95","15.07","15.09","14.61","6.99M","-1.45%"
"Jan 19, 2012","15.17","15.74","15.74","15.16","5.12M","-3.62%"
"Jan 18, 2012","15.74","16.19","16.19","15.59","3.73M","-1.93%"
"Jan 17, 2012","16.05","15.74","16.24","15.73","4.80M","2.82%"
"Jan 13, 2012","15.61","15.52","15.62","15.43","1.90M","0.39%"
"Jan 12, 2012","15.55","15.35","15.61","15.35","2.83M","0.84%"
"Jan 11, 2012","15.42","15.56","15.63","15.33","3.57M","-1.09%"
"Jan 10, 2012","15.59","15.93","15.95","15.50","3.18M","-1.45%"
"Jan 09, 2012","15.82","15.81","15.86","15.59","1.48M","-0.19%"
"Jan 06, 2012","15.85","16.20","16.24","15.68","3.05M","-2.10%"
"Jan 05, 2012","16.19","16.05","16.22","15.89","3.30M","0.81%"
"Jan 04, 2012","16.06","15.97","16.18","15.93","3.35M","0.00%"
"Jan 03, 2012","16.06","16.37","16.45","15.86","4.53M","-1.65%"
"Dec 30, 2011","16.33","16.56","16.56","16.31","1.49M","-1.27%"
"Dec 29, 2011","16.54","16.44","16.68","16.36","1.98M","1.10%"
"Dec 28, 2011","16.36","16.43","16.46","16.23","1.36M","-0.24%"
"Dec 27, 2011","16.40","16.12","16.46","16.12","1.53M","1.05%"
"Dec 23, 2011","16.23","16.21","16.30","16.16","896.85K","0.19%"
"Dec 22, 2011","16.20","16.20","16.20","15.99","1.91M","0.56%"
"Dec 21, 2011","16.11","15.71","16.18","15.70","3.11M","3.07%"
"Dec 20, 2011","15.63","15.22","15.68","15.20","3.53M","4.20%"
"Dec 19, 2011","15.00","15.25","15.25","14.95","1.91M","-1.06%"
"Dec 16, 2011","15.16","15.14","15.27","14.98","5.86M","0.13%"
"Dec 15, 2011","15.14","15.10","15.26","15.08","3.49M","0.66%"
"Dec 14, 2011","15.04","14.89","15.12","14.77","3.41M","0.74%"
"Dec 13, 2011","14.93","15.12","15.36","14.85","2.18M","-0.53%"
"Dec 12, 2011","15.01","15.07","15.07","14.90","1.52M","-1.05%"
"Dec 09, 2011","15.17","15.10","15.23","15.03","1.43M","0.93%"
"Dec 08, 2011","15.03","15.13","15.21","14.93","3.03M","-0.92%"
"Dec 07, 2011","15.17","15.23","15.27","15.06","2.27M","-0.52%"
"Dec 06, 2011","15.25","15.29","15.41","15.19","1.45M","-0.20%"
"Dec 05, 2011","15.28","15.23","15.31","15.11","1.89M","1.46%"
"Dec 02, 2011","15.06","15.06","15.22","14.99","2.82M","0.60%"
"Dec 01, 2011","14.97","15.03","15.16","14.93","5.55M","-0.47%"
"Nov 30, 2011","15.04","15.19","15.24","15.02","4.82M","0.27%"
"Nov 29, 2011","15.00","14.88","15.19","14.82","1.53M","1.56%"
"Nov 28, 2011","14.77","14.56","15.03","14.46","2.94M","2.07%"
"Nov 25, 2011","14.47","14.54","14.67","14.45","863.68K","-0.48%"
"Nov 23, 2011","14.54","14.96","15.00","14.29","3.24M","-3.13%"
"Nov 22, 2011","15.01","15.05","15.11","14.90","2.99M","0.27%"
"Nov 21, 2011","14.97","15.08","15.15","14.89","2.06M","-2.22%"
"Nov 18, 2011","15.31","15.08","15.43","15.05","2.20M","2.34%"
"Nov 17, 2011","14.96","14.94","15.14","14.71","2.59M","-0.13%"
"Nov 16, 2011","14.98","14.94","15.18","14.90","2.04M","-0.40%"
"Nov 15, 2011","15.04","14.94","15.20","14.87","1.41M","0.40%"
"Nov 14, 2011","14.98","15.26","15.26","14.97","1.88M","-0.40%"
"Nov 11, 2011","15.04","15.14","15.23","14.96","2.18M","0.13%"
"Nov 10, 2011","15.02","15.13","15.25","14.93","2.63M","0.33%"
"Nov 09, 2011","14.97","15.18","15.22","14.80","3.41M","-4.04%"
"Nov 08, 2011","15.60","15.20","15.63","15.13","2.34M","3.24%"
"Nov 07, 2011","15.11","15.12","15.18","14.96","1.34M","-0.13%"
"Nov 04, 2011","15.13","15.06","15.17","14.98","1.38M","-0.07%"
"Nov 03, 2011","15.14","14.98","15.22","14.80","2.57M","1.88%"
"Nov 02, 2011","14.86","14.86","15.08","14.76","1.45M","1.02%"
"Nov 01, 2011","14.71","14.78","14.94","14.64","3.78M","-3.03%"
"Oct 31, 2011","15.17","14.88","15.21","14.80","2.90M","-0.65%"
"Oct 28, 2011","15.27","14.60","15.36","14.42","4.37M","3.53%"
"Oct 27, 2011","14.75","14.22","14.93","14.22","3.32M","6.50%"
"Oct 26, 2011","13.85","13.99","14.17","13.70","2.52M","0.22%"
"Oct 25, 2011","13.82","14.21","14.26","13.79","2.17M","-3.56%"
"Oct 24, 2011","14.33","14.27","14.38","14.17","2.70M","0.49%"
"Oct 21, 2011","14.26","14.17","14.38","14.15","2.00M","1.49%"
"Oct 20, 2011","14.05","14.15","14.18","13.85","1.52M","-0.50%"
"Oct 19, 2011","14.12","14.00","14.44","14.00","2.97M","0.14%"
"Oct 18, 2011","14.10","13.78","14.24","13.55","3.97M","2.40%"
"Oct 17, 2011","13.77","14.10","14.14","13.73","2.32M","-2.34%"
"Oct 14, 2011","14.10","14.21","14.30","13.97","2.00M","0.28%"
"Oct 13, 2011","14.06","13.88","14.08","13.83","2.68M","0.29%"
"Oct 12, 2011","14.02","14.40","14.50","13.99","3.28M","-0.71%"
"Oct 11, 2011","14.12","14.24","14.30","14.05","2.45M","-1.94%"
"Oct 10, 2011","14.40","14.34","14.42","14.19","2.39M","2.42%"
"Oct 07, 2011","14.06","13.99","14.17","13.75","2.99M","0.64%"
"Oct 06, 2011","13.97","13.63","14.11","13.51","3.99M","1.90%"
"Oct 05, 2011","13.71","13.57","13.79","13.25","4.30M","1.71%"
"Oct 04, 2011","13.48","13.21","13.50","12.79","4.63M","0.82%"
"Oct 03, 2011","13.37","13.94","14.03","13.37","3.30M","-5.04%"
"Sep 30, 2011","14.08","14.16","14.24","13.92","3.48M","-1.74%"
"Sep 29, 2011","14.33","14.76","14.78","14.07","2.84M","-0.90%"
"Sep 28, 2011","14.46","14.79","14.88","14.39","2.75M","-2.03%"
"Sep 27, 2011","14.76","15.20","15.27","14.70","2.65M","-0.27%"
"Sep 26, 2011","14.80","14.54","14.85","14.25","2.12M","2.56%"
"Sep 23, 2011","14.43","14.46","14.74","14.32","2.61M","-1.03%"
"Sep 22, 2011","14.58","14.86","14.96","14.38","2.87M","-4.77%"
"Sep 21, 2011","15.31","15.52","15.67","15.23","3.00M","-1.61%"
"Sep 20, 2011","15.56","15.44","16.18","15.38","3.61M","0.84%"
"Sep 19, 2011","15.43","15.25","15.47","15.02","2.10M","-0.32%"
"Sep 16, 2011","15.48","15.58","15.65","15.35","2.38M","-0.13%"
"Sep 15, 2011","15.50","15.18","15.54","15.14","2.46M","2.92%"
"Sep 14, 2011","15.06","14.93","15.20","14.76","3.21M","1.48%"
"Sep 13, 2011","14.84","14.41","14.87","14.18","3.91M","3.49%"
"Sep 12, 2011","14.34","13.71","14.36","13.70","3.69M","3.09%"
"Sep 09, 2011","13.91","14.25","14.34","13.79","2.89M","-3.47%"
"Sep 08, 2011","14.41","14.54","14.79","14.40","2.62M","-1.30%"
"Sep 07, 2011","14.60","14.41","14.73","14.37","2.70M","2.67%"
"Sep 06, 2011","14.22","13.98","14.26","13.67","3.41M","-1.39%"
"Sep 02, 2011","14.42","14.41","14.61","14.31","1.68M","-1.90%"
"Sep 01, 2011","14.70","14.83","14.90","14.56","3.22M","-0.20%"
"Aug 31, 2011","14.73","14.32","14.75","14.31","3.51M","3.95%"
"Aug 30, 2011","14.17","14.10","14.41","14.09","2.53M","-0.28%"
"Aug 29, 2011","14.21","13.90","14.22","13.87","1.96M","3.72%"
"Aug 26, 2011","13.70","13.38","13.83","13.17","2.66M","1.33%"
"Aug 25, 2011","13.52","14.02","14.04","13.36","3.06M","-3.08%"
"Aug 24, 2011","13.95","13.70","14.03","13.47","5.31M","5.76%"
"Aug 23, 2011","13.19","13.00","13.19","12.70","5.46M","2.01%"
"Aug 22, 2011","12.93","13.55","13.57","12.74","4.54M","-2.56%"
"Aug 19, 2011","13.27","13.51","13.54","13.04","6.54M","-2.43%"
"Aug 18, 2011","13.60","13.73","13.76","13.32","3.51M","-3.48%"
"Aug 17, 2011","14.09","14.36","14.64","14.02","2.58M","-1.40%"
"Aug 16, 2011","14.29","14.50","14.52","14.20","1.54M","-2.39%"
"Aug 15, 2011","14.64","14.26","14.64","14.11","3.03M","3.68%"
"Aug 12, 2011","14.12","14.20","14.53","14.08","3.63M","0.14%"
"Aug 11, 2011","14.10","13.52","14.26","13.31","4.72M","5.38%"
"Aug 10, 2011","13.38","13.51","13.57","13.00","5.02M","-2.26%"
"Aug 09, 2011","13.69","13.25","13.84","12.96","6.06M","5.71%"
"Aug 08, 2011","12.95","14.07","14.20","12.88","8.62M","-10.69%"
"Aug 05, 2011","14.50","14.94","15.04","13.87","8.54M","-2.23%"
"Aug 04, 2011","14.83","15.26","15.32","14.64","7.09M","-4.14%"
"Aug 03, 2011","15.47","15.71","15.73","15.13","3.21M","-1.09%"
"Aug 02, 2011","15.64","16.06","16.12","15.57","3.63M","-2.98%"
"Aug 01, 2011","16.12","16.44","16.45","15.90","2.30M","-0.80%"
"Jul 29, 2011","16.25","16.72","16.79","16.15","4.11M","-3.73%"
"Jul 28, 2011","16.88","16.77","16.96","16.64","2.87M","0.96%"
"Jul 27, 2011","16.72","16.74","16.84","16.58","2.84M","-0.71%"
"Jul 26, 2011","16.84","16.87","17.08","16.74","2.15M","0.00%"
"Jul 25, 2011","16.84","16.22","16.98","16.21","4.37M","4.01%"
"Jul 22, 2011","16.19","16.35","16.35","16.12","1.45M","-1.04%"
"Jul 21, 2011","16.36","16.40","16.46","16.25","1.70M","0.68%"
"Jul 20, 2011","16.25","16.45","16.55","16.24","3.05M","-0.98%"
"Jul 19, 2011","16.41","16.29","16.45","16.21","2.59M","1.30%"
"Jul 18, 2011","16.20","16.41","16.44","16.04","2.23M","-1.76%"
"Jul 15, 2011","16.49","16.33","16.50","16.32","3.94M","1.10%"
"Jul 14, 2011","16.31","16.40","16.47","16.25","3.81M","-0.18%"
"Jul 13, 2011","16.34","16.18","16.45","16.15","3.07M","1.36%"
"Jul 12, 2011","16.12","15.81","16.23","15.74","3.42M","1.51%"
"Jul 11, 2011","15.88","16.25","16.28","15.87","1.76M","-3.41%"
"Jul 08, 2011","16.44","16.18","16.47","16.17","2.33M","0.61%"
"Jul 07, 2011","16.34","16.21","16.64","16.17","2.63M","1.11%"
"Jul 06, 2011","16.16","16.10","16.16","15.89","1.91M","0.50%"
"Jul 05, 2011","16.08","16.37","16.39","16.07","2.13M","-1.47%"
"Jul 01, 2011","16.32","16.18","16.42","16.00","2.18M","1.18%"
"Jun 30, 2011","16.13","16.08","16.28","15.95","2.15M","0.19%"
"Jun 29, 2011","16.10","16.13","16.19","15.94","1.67M","0.31%"
"Jun 28, 2011","16.05","15.86","16.18","15.82","1.74M","1.52%"
"Jun 27, 2011","15.81","15.66","15.86","15.55","2.04M","0.57%"
"Jun 24, 2011","15.72","15.89","16.10","15.68","3.44M","-1.13%"
"Jun 23, 2011","15.90","15.67","15.95","15.53","2.32M","-0.13%"
"Jun 22, 2011","15.92","15.74","16.11","15.69","2.89M","0.51%"
"Jun 21, 2011","15.84","15.65","15.92","15.57","1.93M","2.00%"
"Jun 20, 2011","15.53","15.48","15.64","15.41","1.61M","-0.13%"
"Jun 17, 2011","15.55","15.19","15.61","15.11","3.26M","2.84%"
"Jun 16, 2011","15.12","15.20","15.37","15.01","1.65M","-0.79%"
"Jun 15, 2011","15.24","15.41","15.47","15.14","2.18M","-1.99%"
"Jun 14, 2011","15.55","15.55","15.61","15.26","2.53M","0.78%"
"Jun 13, 2011","15.43","15.57","15.61","15.22","2.01M","-1.03%"
"Jun 10, 2011","15.59","15.53","15.77","15.42","1.92M","0.06%"
"Jun 09, 2011","15.58","15.67","15.82","15.55","2.54M","-0.89%"
"Jun 08, 2011","15.72","15.17","15.76","15.13","3.73M","3.63%"
"Jun 07, 2011","15.17","15.06","15.38","15.02","2.33M","0.86%"
"Jun 06, 2011","15.04","15.20","15.31","15.03","2.12M","-1.25%"
"Jun 03, 2011","15.23","15.14","15.45","15.00","2.25M","-0.46%"
"Jun 02, 2011","15.30","15.41","15.45","15.01","2.49M","-1.29%"
"Jun 01, 2011","15.50","15.72","15.86","15.46","1.63M","-1.84%"
"May 31, 2011","15.79","15.69","15.79","15.52","4.12M","1.22%"
"May 27, 2011","15.60","15.67","15.77","15.57","1.11M","0.06%"
"May 26, 2011","15.59","15.73","15.82","15.47","2.12M","-1.39%"
"May 25, 2011","15.81","15.36","15.83","15.28","3.11M","2.33%"
"May 24, 2011","15.45","15.37","15.65","15.37","2.16M","0.32%"
"May 23, 2011","15.40","15.71","15.71","15.39","1.75M","-3.08%"
"May 20, 2011","15.89","15.87","16.06","15.59","4.14M","0.25%"
"May 19, 2011","15.85","16.18","16.30","15.77","3.18M","-1.92%"
"May 18, 2011","16.16","16.12","16.26","16.03","1.20M","0.31%"
"May 17, 2011","16.11","16.27","16.27","15.78","3.27M","-1.17%"
"May 16, 2011","16.30","16.24","16.52","16.18","1.72M","-0.37%"
"May 13, 2011","16.36","16.38","16.55","16.10","1.64M","0.25%"
"May 12, 2011","16.32","16.43","16.47","16.23","2.08M","-1.15%"
"May 11, 2011","16.51","16.52","16.60","16.28","1.63M","-0.06%"
"May 10, 2011","16.52","16.59","16.61","16.38","2.65M","0.79%"
"May 09, 2011","16.39","16.30","16.55","16.25","1.31M","0.31%"
"May 06, 2011","16.34","16.12","16.45","16.06","1.16M","2.25%"
"May 05, 2011","15.98","16.12","16.37","15.89","2.39M","-1.42%"
"May 04, 2011","16.21","16.34","16.39","16.07","1.73M","-1.34%"
"May 03, 2011","16.43","16.65","16.78","16.27","1.86M","-1.73%"
"May 02, 2011","16.72","16.76","17.10","16.64","1.68M","-0.18%"
"Apr 29, 2011","16.75","16.23","16.80","16.02","2.55M","2.45%"
"Apr 28, 2011","16.35","16.45","16.58","16.18","2.47M","-0.79%"
"Apr 27, 2011","16.48","16.43","16.52","16.05","1.48M","0.73%"
"Apr 26, 2011","16.36","16.23","16.41","16.17","1.44M","1.05%"
"Apr 25, 2011","16.19","16.38","16.38","16.15","763.54K","-1.64%"
"Apr 21, 2011","16.46","16.34","16.47","16.14","867.51K","1.35%"
"Apr 20, 2011","16.24","16.23","16.46","16.23","1.23M","0.74%"
"Apr 19, 2011","16.12","16.15","16.34","16.04","1.10M","-0.19%"
"Apr 18, 2011","16.15","15.99","16.21","15.80","1.61M","-0.49%"
"Apr 15, 2011","16.23","16.22","16.30","16.07","1.00M","0.43%"
"Apr 14, 2011","16.16","15.97","16.26","15.86","1.12M","0.50%"
"Apr 13, 2011","16.08","16.16","16.36","16.03","1.13M","0.25%"
"Apr 12, 2011","16.04","16.09","16.11","15.79","1.76M","-0.93%"
"Apr 11, 2011","16.19","16.58","16.65","16.13","1.87M","-2.65%"
"Apr 08, 2011","16.63","16.66","16.89","16.54","1.75M","0.06%"
"Apr 07, 2011","16.62","16.14","16.66","16.07","3.07M","3.10%"
"Apr 06, 2011","16.12","16.13","16.18","15.96","884.29K","0.25%"
"Apr 05, 2011","16.08","15.83","16.29","15.78","2.66M","1.45%"
"Apr 04, 2011","15.85","16.09","16.09","15.75","1.47M","-0.63%"
"Apr 01, 2011","15.95","15.99","16.05","15.83","1.44M","0.50%"
"Mar 31, 2011","15.87","15.96","16.04","15.81","1.96M","-0.81%"
"Mar 30, 2011","16.00","16.21","16.25","15.89","2.53M","-0.50%"
"Mar 29, 2011","16.08","15.56","16.15","15.50","3.01M","3.28%"
"Mar 28, 2011","15.57","15.75","15.77","15.46","1.91M","-1.46%"
"Mar 25, 2011","15.80","15.74","15.91","15.72","959.60K","0.57%"
"Mar 24, 2011","15.71","15.64","15.80","15.48","1.79M","1.16%"
"Mar 23, 2011","15.53","15.34","15.55","15.27","1.81M","1.17%"
"Mar 22, 2011","15.35","15.25","15.44","15.17","2.35M","1.52%"
"Mar 21, 2011","15.12","14.96","15.28","14.87","2.30M","2.09%"
"Mar 18, 2011","14.81","14.93","14.97","14.43","4.36M","0.07%"
"Mar 17, 2011","14.80","15.09","15.12","14.56","2.94M","-0.13%"
"Mar 16, 2011","14.82","15.22","15.33","14.66","3.63M","-3.14%"
"Mar 15, 2011","15.30","15.32","15.40","14.89","3.81M","-1.35%"
"Mar 14, 2011","15.51","15.16","15.70","15.09","4.95M","1.51%"
"Mar 11, 2011","15.28","15.00","15.39","14.87","1.80M","1.93%"
"Mar 10, 2011","14.99","15.18","15.25","14.98","1.47M","-2.98%"
"Mar 09, 2011","15.45","15.08","15.46","15.04","1.76M","2.05%"
"Mar 08, 2011","15.14","14.84","15.22","14.79","1.40M","1.20%"
"Mar 07, 2011","14.96","15.32","15.35","14.88","1.39M","-2.29%"
"Mar 04, 2011","15.31","15.21","15.33","15.07","2.04M","0.53%"
"Mar 03, 2011","15.23","15.21","15.35","15.11","2.17M","1.33%"
"Mar 02, 2011","15.03","14.88","15.11","14.81","1.85M","1.14%"
"Mar 01, 2011","14.86","15.31","15.31","14.72","2.33M","-1.78%"
"Feb 28, 2011","15.13","15.00","15.13","14.94","1.71M","1.07%"
"Feb 25, 2011","14.97","14.77","14.98","14.67","1.57M","2.04%"
"Feb 24, 2011","14.67","14.74","15.10","14.66","3.53M","-0.88%"
"Feb 23, 2011","14.80","14.69","14.86","14.55","3.09M","0.68%"
"Feb 22, 2011","14.70","14.85","15.06","14.66","2.39M","-0.74%"
"Feb 18, 2011","14.81","14.59","14.86","14.15","4.10M","0.61%"
"Feb 17, 2011","14.72","14.39","14.85","14.39","3.68M","2.01%"
"Feb 16, 2011","14.43","14.33","14.49","14.30","1.03M","1.05%"
"Feb 15, 2011","14.28","14.23","14.37","14.19","1.30M","-0.14%"
"Feb 14, 2011","14.30","14.23","14.38","14.14","1.58M","1.13%"
"Feb 11, 2011","14.14","14.20","14.28","14.06","2.27M","-0.63%"
"Feb 10, 2011","14.23","14.32","14.37","14.15","2.47M","-0.91%"
"Feb 09, 2011","14.36","14.69","14.76","14.32","1.73M","-2.84%"
"Feb 08, 2011","14.78","14.62","14.78","14.62","1.30M","0.96%"
"Feb 07, 2011","14.64","14.57","14.75","14.54","1.78M","0.41%"
"Feb 04, 2011","14.58","14.61","14.71","14.48","1.49M","-0.14%"
"Feb 03, 2011","14.60","14.37","14.69","14.32","2.04M","1.74%"
"Feb 02, 2011","14.35","14.40","14.45","14.13","1.28M","-0.90%"
"Feb 01, 2011","14.48","14.30","14.72","14.30","2.47M","1.47%"
"Jan 31, 2011","14.27","14.08","14.50","14.08","2.47M","1.57%"
"Jan 28, 2011","14.05","14.28","14.30","13.96","2.72M","-1.33%"
"Jan 27, 2011","14.24","14.21","14.31","14.11","1.53M","0.28%"
"Jan 26, 2011","14.20","14.23","14.31","14.14","1.82M","-0.07%"
"Jan 25, 2011","14.21","14.47","14.50","14.09","2.20M","-1.73%"
"Jan 24, 2011","14.46","14.32","14.49","14.19","1.34M","1.47%"
"Jan 21, 2011","14.25","14.36","14.48","14.13","2.38M","0.35%"
"Jan 20, 2011","14.20","13.91","14.38","13.77","3.96M","-1.66%"
"Jan 19, 2011","14.44","14.70","14.76","14.35","2.45M","-1.84%"
"Jan 18, 2011","14.71","14.81","14.90","14.55","2.31M","0.41%"
"Jan 14, 2011","14.65","14.33","14.65","14.21","2.36M","2.59%"
"Jan 13, 2011","14.28","14.53","14.57","14.24","3.32M","-1.31%"
"Jan 12, 2011","14.47","14.40","14.58","14.35","2.76M","0.56%"
"Jan 11, 2011","14.39","14.29","14.51","14.22","2.63M","1.48%"
"Jan 10, 2011","14.18","14.03","14.21","13.75","2.78M","0.28%"
"Jan 07, 2011","14.14","14.00","14.16","13.75","3.65M","1.14%"
"Jan 06, 2011","13.98","13.93","14.02","13.75","3.12M","0.00%"
"Jan 05, 2011","13.98","13.66","14.17","13.54","4.09M","2.12%"
"Jan 04, 2011","13.69","13.69","13.74","13.45","2.84M","0.00%"
"Jan 03, 2011","13.69","13.46","13.72","13.42","2.58M","2.62%"
"Dec 31, 2010","13.34","13.34","13.47","13.25","2.04M","0.08%"
"Dec 30, 2010","13.33","13.47","13.52","13.15","1.90M","-0.89%"
"Dec 29, 2010","13.45","13.40","13.52","13.40","1.41M","0.45%"
"Dec 28, 2010","13.39","13.46","13.47","13.36","1.62M","-0.59%"
"Dec 27, 2010","13.47","13.48","13.55","13.33","1.68M","-0.59%"
"Dec 23, 2010","13.55","13.71","13.71","13.47","2.17M","-1.17%"
"Dec 22, 2010","13.71","13.57","13.93","13.50","2.06M","0.96%"
"Dec 21, 2010","13.58","13.49","13.66","13.44","2.92M","1.12%"
"Dec 20, 2010","13.43","13.21","13.50","13.21","3.77M","2.21%"
"Dec 17, 2010","13.14","13.01","13.25","12.95","5.62M","1.94%"
"Dec 16, 2010","12.89","12.73","12.97","12.62","2.04M","1.10%"
"Dec 15, 2010","12.75","12.93","13.00","12.70","1.80M","-1.47%"
"Dec 14, 2010","12.94","12.89","12.98","12.79","1.59M","0.39%"
"Dec 13, 2010","12.89","12.93","12.95","12.75","2.39M","0.00%"
"Dec 10, 2010","12.89","12.58","12.93","12.54","3.09M","0.86%"
"Dec 09, 2010","12.78","12.70","12.86","12.58","2.57M","1.27%"
"Dec 08, 2010","12.62","12.65","12.74","12.45","2.04M","0.16%"
"Dec 07, 2010","12.60","12.93","12.97","12.56","2.23M","-1.79%"
"Dec 06, 2010","12.83","12.66","12.93","12.55","2.56M","1.34%"
"Dec 03, 2010","12.66","12.41","12.83","12.35","3.14M","1.61%"
"Dec 02, 2010","12.46","12.38","12.55","12.36","3.12M","1.47%"
"Dec 01, 2010","12.28","12.23","12.33","12.03","2.86M","1.49%"
"Nov 30, 2010","12.10","12.00","12.16","11.99","2.25M","0.00%"
"Nov 29, 2010","12.10","12.10","12.17","11.98","1.28M","-0.25%"
"Nov 26, 2010","12.13","12.08","12.16","12.02","472.90K","-0.33%"
"Nov 24, 2010","12.17","12.17","12.29","12.06","1.59M","-0.16%"
"Nov 23, 2010","12.19","12.01","12.24","11.88","2.42M","0.41%"
"Nov 22, 2010","12.14","12.27","12.27","11.98","1.89M","-1.14%"
"Nov 19, 2010","12.28","12.39","12.42","12.10","3.59M","-1.29%"
"Nov 18, 2010","12.44","12.47","12.67","12.43","1.99M","0.40%"
"Nov 17, 2010","12.39","12.41","12.61","12.22","10.67M","-0.16%"
"Nov 16, 2010","12.41","12.47","12.47","12.07","2.80M","-0.80%"
"Nov 15, 2010","12.51","12.46","12.67","12.28","2.22M","0.40%"
"Nov 12, 2010","12.46","12.71","12.71","12.34","2.82M","-2.20%"
"Nov 11, 2010","12.74","12.89","12.91","12.64","1.98M","-1.77%"
"Nov 10, 2010","12.97","12.65","12.97","12.60","3.97M","2.29%"
"Nov 09, 2010","12.68","12.48","12.81","12.42","5.17M","1.60%"
"Nov 08, 2010","12.48","12.39","12.54","12.23","1.35M","0.65%"
"Nov 05, 2010","12.40","12.45","12.55","12.32","1.97M","-0.48%"
"Nov 04, 2010","12.46","12.24","12.52","12.19","2.21M","2.72%"
"Nov 03, 2010","12.13","12.25","12.29","11.98","2.18M","-1.06%"
"Nov 02, 2010","12.26","12.23","12.32","12.18","2.64M","0.99%"
"Nov 01, 2010","12.14","12.55","12.55","12.02","3.18M","-2.88%"
"Oct 29, 2010","12.50","12.07","12.63","12.04","2.64M","2.12%"
"Oct 28, 2010","12.24","12.27","12.38","12.17","1.25M","-0.08%"
"Oct 27, 2010","12.25","12.14","12.25","11.95","1.83M","0.08%"
"Oct 26, 2010","12.24","12.20","12.34","12.12","1.86M","-0.08%"
"Oct 25, 2010","12.25","12.25","12.41","12.25","959.58K","0.41%"
"Oct 22, 2010","12.20","12.42","12.46","12.17","1.68M","-1.45%"
"Oct 21, 2010","12.38","12.46","12.54","12.30","1.71M","-0.72%"
"Oct 20, 2010","12.47","12.44","12.54","12.31","2.77M","0.24%"
"Oct 19, 2010","12.44","12.44","12.53","12.32","1.87M","-0.80%"
"Oct 18, 2010","12.54","12.42","12.68","12.38","2.15M","1.21%"
"Oct 15, 2010","12.39","12.48","12.52","12.31","2.19M","-0.32%"
"Oct 14, 2010","12.43","12.62","12.72","12.36","1.84M","-1.19%"
"Oct 13, 2010","12.58","12.72","12.76","12.53","1.85M","-0.87%"
"Oct 12, 2010","12.69","12.70","12.75","12.59","2.06M","0.08%"
"Oct 11, 2010","12.68","12.80","12.80","12.51","1.53M","-0.39%"
"Oct 08, 2010","12.73","12.65","12.80","12.55","1.39M","0.32%"
"Oct 07, 2010","12.69","12.66","12.74","12.63","1.36M","0.16%"
"Oct 06, 2010","12.67","12.78","12.82","12.53","1.07M","-0.63%"
"Oct 05, 2010","12.75","12.78","12.81","12.64","1.23M","0.87%"
"Oct 04, 2010","12.64","12.75","12.80","12.54","2.04M","-0.86%"
"Oct 01, 2010","12.75","12.56","12.85","12.52","2.45M","2.41%"
"Sep 30, 2010","12.45","12.43","12.50","12.21","2.76M","0.97%"
"Sep 29, 2010","12.33","12.47","12.47","12.25","2.45M","-1.12%"
"Sep 28, 2010","12.47","12.30","12.59","12.23","2.16M","1.38%"
"Sep 27, 2010","12.30","12.50","12.50","12.24","2.00M","-1.76%"
"Sep 24, 2010","12.52","12.59","12.64","12.46","1.89M","0.24%"
"Sep 23, 2010","12.49","12.44","12.56","12.33","2.34M","0.00%"
"Sep 22, 2010","12.49","12.53","12.65","12.34","2.18M","-0.72%"
"Sep 21, 2010","12.58","12.59","12.77","12.53","2.24M","-0.08%"
"Sep 20, 2010","12.59","12.57","12.63","12.46","2.22M","0.24%"
"Sep 17, 2010","12.56","12.59","12.70","12.47","2.65M","0.40%"
"Sep 16, 2010","12.51","12.55","12.61","12.44","1.53M","-0.71%"
"Sep 15, 2010","12.60","12.68","12.76","12.53","1.50M","-1.49%"
"Sep 14, 2010","12.79","12.99","13.07","12.73","1.80M","-1.84%"
"Sep 13, 2010","13.03","13.08","13.11","12.88","1.72M","1.32%"
"Sep 10, 2010","12.86","12.98","13.08","12.81","2.28M","-0.69%"
"Sep 09, 2010","12.95","13.00","13.10","12.91","1.74M","-0.46%"
"Sep 08, 2010","13.01","12.98","13.22","12.90","1.63M","1.25%"
"Sep 07, 2010","12.85","13.13","13.14","12.84","2.08M","-2.21%"
"Sep 03, 2010","13.14","13.07","13.22","13.03","1.68M","1.47%"
"Sep 02, 2010","12.95","12.95","13.09","12.86","1.54M","0.15%"
"Sep 01, 2010","12.93","12.89","13.02","12.63","2.25M","1.65%"
"Aug 31, 2010","12.72","12.34","12.76","12.22","3.28M","3.00%"
"Aug 30, 2010","12.35","12.58","12.58","12.34","1.30M","-1.44%"
"Aug 27, 2010","12.53","12.34","12.60","12.21","1.54M","1.70%"
"Aug 26, 2010","12.32","12.57","12.63","12.23","2.01M","-1.68%"
"Aug 25, 2010","12.53","12.45","12.56","12.35","1.79M","0.08%"
"Aug 24, 2010","12.52","12.37","12.55","12.25","3.09M","-0.24%"
"Aug 23, 2010","12.55","12.46","12.65","12.46","1.52M","0.72%"
"Aug 20, 2010","12.46","12.37","12.47","12.20","1.89M","0.32%"
"Aug 19, 2010","12.42","12.56","12.56","12.35","1.71M","-1.90%"
"Aug 18, 2010","12.66","12.64","12.86","12.55","1.91M","-0.24%"
"Aug 17, 2010","12.69","12.88","12.96","12.69","2.30M","-1.09%"
"Aug 16, 2010","12.83","13.05","13.19","12.76","2.61M","-1.99%"
"Aug 13, 2010","13.09","12.98","13.43","12.98","5.71M","4.64%"
"Aug 12, 2010","12.51","12.41","12.77","12.37","2.32M","-1.03%"
"Aug 11, 2010","12.64","13.00","13.08","12.50","3.88M","-3.88%"
"Aug 10, 2010","13.15","13.22","13.31","13.05","1.70M","-1.35%"
"Aug 09, 2010","13.33","13.27","13.48","13.27","3.12M","0.30%"
"Aug 06, 2010","13.29","13.46","13.51","13.20","2.72M","-1.63%"
"Aug 05, 2010","13.51","13.27","13.51","13.26","1.16M","0.75%"
"Aug 04, 2010","13.41","13.39","13.44","13.16","2.31M","0.07%"
"Aug 03, 2010","13.40","13.31","13.46","13.17","2.64M","-0.07%"
"Aug 02, 2010","13.41","13.52","13.84","13.28","2.95M","-0.67%"
"Jul 30, 2010","13.50","13.51","13.68","13.32","3.47M","-1.24%"
"Jul 29, 2010","13.67","14.01","14.13","13.54","2.66M","-0.44%"
"Jul 28, 2010","13.73","13.88","13.91","13.63","1.72M","-1.22%"
"Jul 27, 2010","13.90","13.96","13.98","13.76","2.99M","-0.22%"
"Jul 26, 2010","13.93","13.89","14.05","13.83","2.13M","-0.14%"
"Jul 23, 2010","13.95","13.80","14.04","13.79","3.06M","0.50%"
"Jul 22, 2010","13.88","13.47","13.98","13.47","3.81M","3.66%"
"Jul 21, 2010","13.39","13.57","13.57","13.17","2.95M","-0.81%"
"Jul 20, 2010","13.50","13.27","13.52","13.01","2.60M","0.97%"
"Jul 19, 2010","13.37","12.94","13.43","12.73","3.80M","4.37%"
"Jul 16, 2010","12.81","13.09","13.10","12.74","2.22M","-2.88%"
"Jul 15, 2010","13.19","13.22","13.33","13.00","2.79M","-0.68%"
"Jul 14, 2010","13.28","13.37","13.45","13.14","1.33M","-0.97%"
"Jul 13, 2010","13.41","13.57","13.67","13.31","3.37M","0.00%"
"Jul 12, 2010","13.41","13.41","13.71","13.36","2.92M","-0.52%"
"Jul 09, 2010","13.48","13.28","13.51","13.27","2.92M","1.74%"
"Jul 08, 2010","13.25","13.31","13.65","13.13","5.39M","0.99%"
"Jul 07, 2010","13.12","12.90","13.23","12.85","3.19M","1.71%"
"Jul 06, 2010","12.90","12.85","13.11","12.79","3.30M","1.82%"
"Jul 02, 2010","12.67","12.58","12.80","12.44","2.50M","1.69%"
"Jul 01, 2010","12.46","12.79","12.79","12.39","4.63M","-2.04%"
"Jun 30, 2010","12.72","12.93","13.19","12.64","4.39M","-2.23%"
"Jun 29, 2010","13.01","13.14","13.17","12.80","4.13M","-2.62%"
"Jun 28, 2010","13.36","13.39","13.42","12.97","2.75M","0.30%"
"Jun 25, 2010","13.32","13.07","13.50","12.98","2.80M","2.38%"
"Jun 24, 2010","13.01","13.28","13.35","12.95","2.12M","-2.77%"
"Jun 23, 2010","13.38","13.55","13.64","13.26","1.74M","-1.62%"
"Jun 22, 2010","13.60","13.67","13.70","13.43","3.31M","-0.95%"
"Jun 21, 2010","13.73","13.97","14.15","13.64","1.72M","-0.29%"
"Jun 18, 2010","13.77","13.98","13.98","13.74","2.18M","-0.65%"
"Jun 17, 2010","13.86","13.98","14.10","13.72","2.00M","-0.79%"
"Jun 16, 2010","13.97","13.90","14.23","13.83","2.39M","0.29%"
"Jun 15, 2010","13.93","13.53","13.94","13.53","1.69M","3.72%"
"Jun 14, 2010","13.43","13.49","13.80","13.43","1.84M","0.07%"
"Jun 11, 2010","13.42","13.33","13.64","12.75","1.90M","-1.32%"
"Jun 10, 2010","13.60","13.46","13.65","13.36","2.20M","2.41%"
"Jun 09, 2010","13.28","13.40","13.73","13.21","2.70M","0.08%"
"Jun 08, 2010","13.27","13.00","13.32","12.85","3.90M","2.23%"
"Jun 07, 2010","12.98","13.31","13.38","12.95","5.28M","-2.04%"
"Jun 04, 2010","13.25","13.66","13.74","13.11","2.96M","-4.74%"
"Jun 03, 2010","13.91","13.45","13.95","13.45","2.58M","3.73%"
"Jun 02, 2010","13.41","13.19","13.41","13.11","3.31M","2.13%"
"Jun 01, 2010","13.13","13.69","13.69","13.11","2.37M","-4.16%"
"May 28, 2010","13.70","13.84","13.97","13.59","4.34M","-1.23%"
"May 27, 2010","13.87","13.82","14.04","13.71","5.93M","2.36%"
"May 26, 2010","13.55","13.35","13.66","13.10","5.28M","4.15%"
"May 25, 2010","13.01","12.72","13.04","12.54","4.32M","0.15%"
"May 24, 2010","12.99","12.76","13.28","12.70","3.76M","1.72%"
"May 21, 2010","12.77","12.73","12.99","12.56","5.18M","-0.70%"
"May 20, 2010","12.86","13.20","13.20","12.68","7.14M","-3.67%"
"May 19, 2010","13.35","13.51","13.57","12.83","5.07M","-1.48%"
"May 18, 2010","13.55","14.03","14.10","13.42","3.70M","-2.87%"
"May 17, 2010","13.95","14.27","14.27","13.69","3.57M","1.16%"
"May 14, 2010","13.79","13.83","13.83","13.50","2.95M","-1.01%"
"May 13, 2010","13.93","13.97","14.08","13.77","2.94M","-0.64%"
"May 12, 2010","14.02","13.66","14.06","13.51","3.81M","3.16%"
"May 11, 2010","13.59","13.43","13.79","12.95","3.43M","-1.81%"
"May 10, 2010","13.84","13.72","14.00","13.67","6.57M","5.25%"
"May 07, 2010","13.15","13.22","13.43","12.87","6.81M","-1.28%"
"May 06, 2010","13.32","13.19","13.56","10.95","10.28M","0.00%"
"May 05, 2010","13.32","13.29","13.55","12.93","4.15M","-1.04%"
"May 04, 2010","13.46","13.84","13.84","13.30","4.95M","-3.65%"
"May 03, 2010","13.97","13.63","14.00","13.63","4.15M","2.49%"
"Apr 30, 2010","13.63","13.66","13.87","13.58","3.75M","-0.58%"
"Apr 29, 2010","13.71","13.20","13.74","13.20","4.09M","4.18%"
"Apr 28, 2010","13.16","13.20","13.32","13.07","2.48M","0.15%"
"Apr 27, 2010","13.14","13.17","13.36","13.00","4.34M","-1.20%"
"Apr 26, 2010","13.30","13.27","13.32","13.17","3.02M","0.45%"
"Apr 23, 2010","13.24","12.97","13.35","12.91","2.78M","1.30%"
"Apr 22, 2010","13.07","12.57","13.16","12.55","3.00M","2.67%"
"Apr 21, 2010","12.73","12.26","12.88","12.26","9.85M","4.60%"
"Apr 20, 2010","12.17","11.75","12.26","11.72","4.39M","3.66%"
"Apr 19, 2010","11.74","11.81","11.91","11.58","2.84M","-1.26%"
"Apr 16, 2010","11.89","12.25","12.29","11.79","3.37M","-3.49%"
"Apr 15, 2010","12.32","12.23","12.41","12.08","1.43M","1.07%"
"Apr 14, 2010","12.19","12.33","12.39","12.11","1.71M","-0.49%"
"Apr 13, 2010","12.25","12.29","12.33","12.13","1.55M","-0.97%"
"Apr 12, 2010","12.37","12.26","12.58","12.26","1.88M","1.89%"
"Apr 09, 2010","12.14","12.17","12.34","12.01","2.05M","-0.08%"
"Apr 08, 2010","12.15","12.07","12.18","11.92","2.06M","-0.08%"
"Apr 07, 2010","12.16","12.45","12.45","12.09","2.12M","-2.01%"
"Apr 06, 2010","12.41","12.17","12.44","12.06","2.42M","1.39%"
"Apr 05, 2010","12.24","12.04","12.27","11.94","2.26M","2.17%"
"Apr 01, 2010","11.98","11.91","12.00","11.88","2.32M","0.76%"
"Mar 31, 2010","11.89","12.00","12.04","11.86","4.13M","-1.49%"
"Mar 30, 2010","12.07","12.03","12.14","11.89","3.06M","0.67%"
"Mar 29, 2010","11.99","11.61","12.09","11.59","3.74M","3.36%"
"Mar 26, 2010","11.60","11.80","11.80","11.49","2.91M","2.38%"
"Mar 25, 2010","11.33","11.55","11.55","11.32","3.60M","-1.56%"
"Mar 24, 2010","11.51","11.36","11.61","11.31","5.64M","1.41%"
"Mar 23, 2010","11.35","11.29","11.42","11.21","3.15M","0.71%"
"Mar 22, 2010","11.27","11.24","11.42","11.04","4.17M","0.45%"
"Mar 19, 2010","11.22","11.42","11.45","11.13","2.38M","-1.58%"
"Mar 18, 2010","11.40","11.56","11.70","11.39","1.09M","-1.81%"
"Mar 17, 2010","11.61","11.56","11.64","11.39","2.16M","0.17%"
"Mar 16, 2010","11.59","11.54","11.80","11.34","3.64M","0.43%"
"Mar 15, 2010","11.54","11.68","11.74","11.48","1.73M","-1.45%"
"Mar 12, 2010","11.71","11.86","11.87","11.60","1.23M","-1.26%"
"Mar 11, 2010","11.86","11.83","11.90","11.69","2.38M","0.00%"
"Mar 10, 2010","11.86","11.74","11.92","11.63","2.54M","1.02%"
"Mar 09, 2010","11.74","11.67","11.79","11.57","2.09M","-0.17%"
"Mar 08, 2010","11.76","11.34","11.85","11.28","3.40M","3.89%"
"Mar 05, 2010","11.32","11.31","11.50","11.24","4.14M","1.89%"
"Mar 04, 2010","11.11","11.20","11.26","10.95","5.00M","-1.24%"
"Mar 03, 2010","11.25","11.16","11.55","11.12","7.73M","1.26%"
"Mar 02, 2010","11.11","11.24","11.26","11.09","2.40M","-0.80%"
"Mar 01, 2010","11.20","11.00","11.33","11.00","2.15M","2.38%"
"Feb 26, 2010","10.94","11.21","11.35","10.94","3.20M","-2.84%"
"Feb 25, 2010","11.26","11.10","11.33","10.91","2.35M","0.18%"
"Feb 24, 2010","11.24","11.37","11.46","11.12","1.95M","-0.62%"
"Feb 23, 2010","11.31","11.83","11.83","11.20","2.86M","-1.31%"
"Feb 22, 2010","11.46","11.37","11.49","11.34","1.67M","0.97%"
"Feb 19, 2010","11.35","11.24","11.43","11.21","1.18M","0.53%"
"Feb 18, 2010","11.29","11.25","11.40","11.24","951.95K","-0.09%"
"Feb 17, 2010","11.30","11.36","11.45","11.14","1.27M","-0.88%"
"Feb 16, 2010","11.40","11.30","11.43","11.26","2.10M","1.51%"
"Feb 12, 2010","11.23","11.03","11.24","10.90","2.10M","1.08%"
"Feb 11, 2010","11.11","10.77","11.18","10.75","3.18M","2.87%"
"Feb 10, 2010","10.80","10.95","10.99","10.72","2.92M","-1.01%"
"Feb 09, 2010","10.91","10.98","11.09","10.84","2.21M","0.09%"
"Feb 08, 2010","10.90","10.93","11.13","10.75","2.07M","-0.37%"
"Feb 05, 2010","10.94","10.87","10.99","10.71","3.19M","0.46%"
"Feb 04, 2010","10.89","11.30","11.36","10.88","4.15M","-4.14%"
"Feb 03, 2010","11.36","11.36","11.58","11.29","3.17M","0.18%"
"Feb 02, 2010","11.34","11.26","11.39","11.11","11.18M","1.34%"
"Feb 01, 2010","11.19","11.08","11.42","11.00","2.16M","2.19%"
"Jan 29, 2010","10.95","11.21","11.26","10.90","1.96M","-1.97%"
"Jan 28, 2010","11.17","11.16","11.32","11.01","3.38M","-0.27%"
"Jan 27, 2010","11.20","11.08","11.24","10.95","3.76M","0.45%"
"Jan 26, 2010","11.15","11.26","11.30","11.09","2.56M","-1.59%"
"Jan 25, 2010","11.33","11.37","11.44","11.22","1.92M","-0.09%"
"Jan 22, 2010","11.34","11.37","11.58","11.17","6.28M","0.09%"
"Jan 21, 2010","11.33","11.43","11.68","11.09","2.66M","-1.39%"
"Jan 20, 2010","11.49","11.45","11.53","11.29","2.08M","-0.52%"
"Jan 19, 2010","11.55","11.37","11.56","11.27","1.54M","1.40%"
"Jan 15, 2010","11.39","11.54","11.62","11.14","5.11M","-1.30%"
"Jan 14, 2010","11.54","11.90","11.95","11.51","2.91M","-3.43%"
"Jan 13, 2010","11.95","11.80","11.99","11.76","1.58M","0.93%"
"Jan 12, 2010","11.84","12.11","12.16","11.78","2.58M","-2.79%"
"Jan 11, 2010","12.18","12.15","12.26","11.96","1.50M","0.74%"
"Jan 08, 2010","12.09","12.15","12.42","11.78","5.00M","1.34%"
"Jan 07, 2010","11.93","11.84","12.31","11.78","4.78M","1.02%"
"Jan 06, 2010","11.81","11.72","11.81","11.49","2.14M","0.94%"
"Jan 05, 2010","11.70","11.47","11.97","11.42","3.20M","2.72%"
"Jan 04, 2010","11.39","11.08","11.51","10.98","3.45M","3.55%"